PWGTP,AGEP,WAGP,SOCP,PUMA,ST,
17,54,45000,414010,8303,6,
10,67,53000,1191XX,11106,6,
21,62,120000,1191XX,11104,6,
5,53,104000,172141,8302,6,
12,55,200000,1191XX,11103,6,
16,62,50000,1191XX,11103,6,
23,67,0,172051,11102,6,
22,30,50000,1191XX,8303,6,
16,57,41000,49904X,11104,6,
25,57,115000,414010,8303,6,
14,31,39000,49904X,7902,6,
16,28,33600,1191XX,8303,6,
13,34,80000,414010,11104,6,
39,35,60000,414010,11103,6,
9,61,40000,1191XX,11102,6,
71,31,34000,414010,7901,6,
20,59,25000,414010,11102,6,
16,52,160000,414010,11104,6,
15,40,220000,1191XX,11106,6,
8,66,120000,172051,11101,6,
13,59,0,1191XX,11103,6,
24,73,45000,471011,7901,6,
7,56,50000,1191XX,11106,6,
12,52,160000,1191XX,11106,6,
33,20,5000,1721YY,7901,6,
13,75,0,19204X,11104,6,
5,21,4000,1191XX,7901,6,
86,40,52000,1191XX,8302,6,
28,55,90000,1721YY,8303,6,
20,67,455000,172070,7901,6,
18,56,95000,471011,11102,6,
41,43,60000,471011,11103,6,
14,52,165000,414010,11106,6,
38,22,4400,1940XX,11104,6,
27,25,15000,1191XX,11106,6,
13,58,52000,1191XX,11104,6,
36,57,80000,1191XX,8303,6,
41,52,80000,414010,11101,6,
27,38,180000,471011,11104,6,
12,58,150000,1191XX,8303,6,
20,73,30000,1721YY,11104,6,
13,64,0,471011,11105,6,
24,61,100000,1191XX,8303,6,
23,40,200000,119041,11102,6,
24,58,0,1191XX,11106,6,
39,30,0,1191XX,11105,6,
13,53,25000,1191XX,11102,6,
19,21,20000,519010,8301,6,
15,52,40000,414010,11101,6,
12,56,100000,414010,11103,6,
24,51,150000,172070,11105,6,
13,52,60000,4750XX,7902,6,
4,61,199000,119041,8302,6,
29,22,42000,113071,8303,6,
15,46,76000,1191XX,8303,6,
12,65,0,19204X,11106,6,
14,57,112000,172141,11101,6,
14,43,0,172141,11101,6,
14,44,113000,1191XX,11102,6,
14,55,111000,518090,8301,6,
21,66,142000,1721YY,11102,6,
17,19,1000,4740XX,7901,6,
7,47,60000,1191XX,11101,6,
10,65,0,4990XX,11101,6,
9,58,6000,119041,11105,6,
16,51,108000,1721YY,8303,6,
12,27,62000,514041,7902,6,
13,28,16000,1191XX,7902,6,
11,33,75000,1191XX,11102,6,
6,51,120000,1721YY,11103,6,
14,63,0,1191XX,11101,6,
21,46,100000,1721YY,11102,6,
7,41,40000,1191XX,11102,6,
34,49,40000,414010,11101,6,
29,29,30000,172051,7901,6,
74,27,13500,519020,11104,6,
4,50,455000,1191XX,8302,6,
12,31,66000,1191XX,11101,6,
20,46,0,19204X,8303,6,
21,36,65000,1191XX,11103,6,
20,52,0,414010,11102,6,
14,51,82000,414010,11101,6,
14,40,150000,1191XX,11101,6,
12,44,0,1191XX,8303,6,
19,34,50000,1721YY,8303,6,
9,69,0,1721YY,7901,6,
33,31,80000,4750XX,11103,6,
12,53,235000,414010,11102,6,
29,35,50000,49904X,8302,6,
20,32,40000,1191XX,8302,6,
13,54,85000,172141,11102,6,
20,51,120000,1721YY,11104,6,
6,61,200000,1191XX,11102,6,
4,57,0,49904X,7902,6,
10,49,88000,414010,11106,6,
6,52,0,471011,11105,6,
6,50,250000,471011,11106,6,
2,64,0,471011,8302,6,
28,31,90000,1191XX,11101,6,
23,40,95000,113051,11101,6,
27,34,35000,4990XX,11102,6,
22,63,105000,1721YY,7901,6,
8,54,0,4990XX,11102,6,
7,36,25000,414010,11101,6,
23,31,77000,471011,11106,6,
34,55,85000,1191XX,11104,6,
15,25,35000,172141,8303,6,
23,27,115000,172070,8301,6,
15,34,83000,1191XX,11102,6,
7,33,70000,172141,7901,6,
14,51,60000,1191XX,11101,6,
13,41,0,4990XX,11101,6,
13,47,100000,113051,11101,6,
32,26,0,172051,11102,6,
24,53,0,4990XX,11102,6,
10,49,25000,1191XX,11103,6,
11,56,32000,414010,7901,6,
26,50,0,1191XX,8303,6,
23,46,107000,1191XX,11101,6,
14,52,25000,1721YY,11104,6,
14,29,60000,414010,11106,6,
15,43,40000,113051,11103,6,
18,59,0,49904X,8303,6,
13,28,100000,414010,8301,6,
22,64,140000,1721YY,8301,6,
20,20,5000,1940XX,8303,6,
18,43,100000,1191XX,11102,6,
22,66,150000,1191XX,11101,6,
11,68,35000,172051,11106,6,
13,65,60000,1191XX,8303,6,
14,45,60000,514041,11106,6,
14,28,30000,414010,7901,6,
13,56,49400,1191XX,11102,6,
13,60,73000,1721YY,11102,6,
15,50,0,1191XX,8303,6,
17,27,15000,514041,11103,6,
9,34,0,1191XX,8302,6,
28,43,0,49904X,7902,6,
18,54,0,1191XX,11102,6,
23,61,0,1191XX,11106,6,
14,62,98000,1191XX,11104,6,
38,44,0,414010,8303,6,
23,41,110000,1191XX,11102,6,
75,39,65000,172141,11103,6,
22,49,150000,1191XX,7902,6,
13,40,70000,475040,8301,6,
13,53,0,4740XX,11101,6,
19,56,100000,1940YY,11102,6,
9,84,15000,514041,11101,6,
13,34,25000,472211,11103,6,
15,43,200000,1191XX,11102,6,
12,36,70000,1940YY,8303,6,
66,45,0,1191XX,11102,6,
15,69,44200,1191XX,8303,6,
23,24,30700,1191XX,11102,6,
23,32,28000,113051,11102,6,
8,34,46800,113071,8302,6,
31,72,0,172070,7901,6,
20,39,36000,414010,8301,6,
20,68,0,471011,11103,6,
14,48,0,4990XX,11105,6,
22,56,32000,414010,11101,6,
8,60,0,113051,11102,6,
22,41,80000,471011,11103,6,
27,49,0,414010,11103,6,
18,47,34600,518010,8301,6,
19,48,85000,414010,11105,6,
13,23,2400,471011,8302,6,
15,41,120000,172070,8303,6,
56,34,50000,4750XX,8301,6,
19,56,45000,4990XX,7902,6,
15,35,38000,1191XX,11104,6,
14,50,175000,1721YY,8303,6,
56,62,0,1191XX,11102,6,
13,43,0,414010,11101,6,
33,32,70000,113071,11104,6,
7,59,120000,414010,11106,6,
35,24,20000,1721YY,7901,6,
14,58,241000,1191XX,11102,6,
10,75,5000,172051,11106,6,
20,24,78000,172051,8303,6,
21,30,90000,1721YY,8303,6,
15,51,180000,172070,8303,6,
8,40,483000,1191XX,11102,6,
18,49,0,4990XX,8302,6,
13,62,0,1191XX,8301,6,
42,47,150000,1191XX,11102,6,
44,21,15000,414010,8301,6,
21,64,0,1191XX,7901,6,
21,68,60000,172141,7901,6,
12,68,0,1191XX,11106,6,
10,22,32500,1191XX,8303,6,
20,70,0,1721YY,11102,6,
8,31,21600,4740XX,11106,6,
14,54,75000,113051,11104,6,
25,31,68000,1721XX,11104,6,
12,37,90000,1191XX,11102,6,
12,61,251000,1191XX,11102,6,
14,51,65000,471011,11103,6,
29,47,50000,1191XX,11104,6,
13,69,175000,1191XX,11101,6,
31,24,33300,4990XX,11104,6,
13,44,1500,1191XX,8301,6,
57,60,20000,1191XX,11102,6,
13,50,155000,1191XX,11101,6,
21,64,0,1191XX,7901,6,
35,27,60000,1191XX,11106,6,
13,52,100000,471011,8301,6,
11,43,275000,1191XX,11101,6,
49,45,35000,519010,11103,6,
59,19,5000,519010,11103,6,
13,56,150000,1721YY,11106,6,
11,60,125000,414010,11104,6,
70,38,250000,414010,11102,6,
9,26,16000,1940YY,11105,6,
63,43,140000,414010,11101,6,
10,66,483000,4990XX,8302,6,
21,42,155000,1191XX,8303,6,
7,58,112000,172070,11103,6,
14,56,100000,414010,11106,6,
26,60,24000,414010,11101,6,
5,69,72000,172051,7902,6,
6,72,50000,1191XX,7902,6,
17,47,125000,1191XX,8303,6,
26,68,0,1191XX,11105,6,
36,27,28000,518090,8303,6,
12,41,2200,1191XX,11101,6,
15,53,82000,49904X,11101,6,
8,65,0,1191XX,8302,6,
12,40,0,1191XX,11101,6,
14,66,0,1191XX,11102,6,
33,50,95000,471011,8302,6,
21,51,75000,414010,11101,6,
15,60,143000,172070,11101,6,
15,58,45000,471011,11105,6,
30,50,35000,1721YY,8303,6,
14,35,0,471011,7902,6,
22,69,217000,1191XX,11101,6,
18,55,50000,1191XX,7901,6,
15,49,95000,1721YY,11106,6,
8,28,12000,414010,11103,6,
16,53,60000,1191XX,8302,6,
13,49,36000,414010,11101,6,
21,46,73000,1191XX,11101,6,
9,38,27000,514041,11102,6,
15,26,28000,1191XX,7901,6,
9,55,200000,119041,8302,6,
14,20,5000,1940YY,8303,6,
6,66,190000,1191XX,11103,6,
10,21,7500,172051,7901,6,
14,46,158000,1191XX,11102,6,
17,44,200000,1191XX,11106,6,
32,53,35000,1191XX,11101,6,
13,63,0,414010,11102,6,
11,50,0,1191XX,11102,6,
14,25,50000,1191XX,11102,6,
21,35,120000,1191XX,8302,6,
13,33,75000,1940YY,7902,6,
19,64,6000,1191XX,11103,6,
23,52,60000,1191XX,11103,6,
29,63,12000,1191XX,7901,6,
21,34,50000,414010,7901,6,
26,47,45000,1191XX,8303,6,
14,50,50000,1191XX,11101,6,
25,61,0,4990XX,8303,6,
11,26,14400,4990XX,11101,6,
9,37,25000,1191XX,8303,6,
12,63,70000,172051,11104,6,
14,46,28000,1191XX,7902,6,
12,70,52000,414010,11101,6,
11,55,84000,1191XX,11102,6,
17,60,0,172070,7902,6,
10,61,100000,471011,8303,6,
13,39,240000,1191XX,11102,6,
18,73,3000,471011,7902,6,
39,43,90000,1191XX,8301,6,
13,63,80000,471011,11102,6,
14,35,483000,414010,7901,6,
11,74,60000,471011,8303,6,
19,66,12000,471011,8303,6,
19,54,76000,113051,8302,6,
28,60,175000,1191XX,7902,6,
14,45,130000,172051,11104,6,
41,62,62000,514041,11106,6,
36,67,0,1191XX,8303,6,
14,32,35000,1191XX,8303,6,
12,64,30000,1191XX,8302,6,
36,51,38000,49904X,11103,6,
8,81,0,4990XX,11102,6,
18,54,104000,1940YY,7902,6,
22,64,94000,19204X,7902,6,
15,60,110000,1191XX,8303,6,
9,45,50000,49904X,11101,6,
22,49,70000,1191XX,7902,6,
13,25,70000,1191XX,11104,6,
15,38,55000,1940YY,8301,6,
21,45,85000,1721YY,11106,6,
22,64,0,414010,7902,6,
44,43,68000,113051,11106,6,
22,34,75000,471011,8302,6,
18,36,43700,1721YY,11102,6,
39,41,22000,49904X,8301,6,
47,50,36000,471011,11102,6,
75,54,56000,414010,11102,6,
23,59,70000,1191XX,7902,6,
18,55,70000,1191XX,7902,6,
14,51,120000,172141,8301,6,
8,57,0,1191XX,11101,6,
23,51,161000,119041,8303,6,
17,34,76000,1191XX,11101,6,
22,67,0,414010,11102,6,
9,41,80000,1191XX,11102,6,
21,61,83000,1191XX,11102,6,
14,53,140000,1191XX,11106,6,
12,47,80000,1191XX,11102,6,
6,63,100000,1940YY,11102,6,
16,42,80000,1191XX,11106,6,
27,36,125000,172051,11102,6,
11,67,25000,1191XX,7901,6,
12,60,120000,1721YY,11104,6,
74,78,0,1191XX,8301,6,
15,20,5000,1940YY,8303,6,
11,57,0,1191XX,8302,6,
13,58,125000,1191XX,11104,6,
25,35,75000,113051,7901,6,
7,62,100000,113051,8302,6,
21,62,123000,414010,11101,6,
11,58,0,1191XX,11101,6,
72,39,33000,472211,7902,6,
20,52,100000,1721YY,7902,6,
16,43,120000,1191XX,11106,6,
12,30,30000,414010,11106,6,
11,20,70000,4750XX,8302,6,
42,56,100000,172070,11106,6,
22,31,80000,1191XX,7902,6,
18,26,30000,414010,11103,6,
18,52,5000,1191XX,11102,6,
11,70,32000,414010,11105,6,
13,31,65000,19204X,8303,6,
15,31,85000,1721YY,8301,6,
13,53,250000,1191XX,11104,6,
4,62,20000,1191XX,8302,6,
9,62,76000,414010,11102,6,
21,37,12000,414010,8302,6,
15,21,4000,1940YY,8303,6,
7,36,65000,414010,11103,6,
21,40,26000,514041,8303,6,
13,37,85000,1721YY,11104,6,
24,64,15000,1191XX,8302,6,
12,65,72000,1191XX,8301,6,
8,31,29000,471011,11106,6,
37,27,56000,1191XX,8301,6,
14,50,130000,1721YY,8301,6,
13,39,99000,1191XX,11104,6,
3,37,130000,1191XX,11105,6,
3,38,120000,1191XX,11105,6,
24,20,5700,1940YY,7901,6,
22,44,240000,1191XX,11102,6,
7,52,40000,1191XX,11101,6,
22,45,80000,1721YY,8303,6,
20,45,0,1191XX,11103,6,
15,29,30000,414010,11104,6,
14,58,210000,1191XX,8303,6,
19,33,40000,1191XX,11106,6,
23,47,104000,1191XX,11106,6,
11,52,0,414010,7901,6,
22,33,104000,172070,8303,6,
40,42,100000,1191XX,11104,6,
16,53,65000,471011,11105,6,
12,26,64000,1721YY,11101,6,
15,27,50000,1191XX,11101,6,
10,40,102000,1721YY,11101,6,
14,41,45000,1191XX,7902,6,
4,43,36000,4990XX,8302,6,
20,24,12000,19204X,8303,6,
17,38,24400,1191XX,8301,6,
12,69,0,471011,11106,6,
4,62,175000,1191XX,8302,6,
18,20,1600,1940YY,8303,6,
7,20,5000,1940YY,8303,6,
2,52,28000,1191XX,11105,6,
13,52,0,113071,7901,6,
12,65,0,1191XX,11106,6,
15,48,95000,414010,11104,6,
24,62,0,471011,8302,6,
13,52,80000,414010,11101,6,
8,54,100000,1191XX,11101,6,
12,51,53000,414010,11101,6,
15,30,60000,172141,8301,6,
28,36,65000,514041,8302,6,
51,42,45100,471011,8303,6,
23,58,95000,471011,11106,6,
25,44,24000,1191XX,11102,6,
9,60,36000,1191XX,8301,6,
7,51,250000,1191XX,11102,6,
79,23,15600,519020,11103,6,
21,46,90000,1721YY,11106,6,
75,20,2800,471011,7901,6,
23,48,46000,1191XX,11105,6,
10,40,130000,1191XX,11102,6,
35,62,112000,1191XX,11101,6,
8,32,62000,519010,7902,6,
27,60,0,1191XX,11103,6,
15,30,100000,519010,7902,6,
19,51,0,1191XX,11102,6,
9,20,4000,519010,7901,6,
22,73,0,471011,11106,6,
13,71,35000,414010,8303,6,
8,65,0,1191XX,11103,6,
8,36,227000,1191XX,8303,6,
35,41,0,519010,8303,6,
12,56,70000,49904X,11104,6,
12,33,49000,471011,8302,6,
22,42,56000,1191XX,7902,6,
11,47,48000,471011,11105,6,
23,60,140000,1191XX,11102,6,
25,62,100000,1191XX,11102,6,
10,54,104000,475032,11103,6,
14,47,0,1191XX,11106,6,
12,68,0,1191XX,8301,6,
12,61,0,1191XX,8301,6,
15,49,158000,1191XX,11106,6,
43,27,56000,414010,11101,6,
16,32,0,4740XX,7902,6,
11,74,0,1191XX,8301,6,
23,67,4800,1940YY,8303,6,
14,32,0,471011,8303,6,
91,76,0,4990XX,11106,6,
14,58,108000,1191XX,11105,6,
19,59,100000,1721YY,8301,6,
45,65,40000,414010,11102,6,
17,41,0,1191XX,8302,6,
10,71,4000,1191XX,8301,6,
14,50,40000,414010,11104,6,
39,50,80000,1191XX,8303,6,
15,51,80000,414010,11104,6,
24,68,0,471011,11105,6,
39,60,20000,1191XX,11101,6,
41,60,20000,1191XX,11101,6,
10,57,95000,1721YY,11103,6,
9,42,110000,1721YY,11104,6,
12,38,50000,1191XX,11103,6,
14,53,180000,1191XX,7901,6,
11,60,120000,1721YY,11106,6,
12,29,206000,49904X,11101,6,
36,24,23400,172051,8303,6,
18,55,94000,471011,8302,6,
13,62,225000,113051,11104,6,
16,60,8000,1191XX,7901,6,
81,32,65000,471011,7902,6,
17,54,110000,1721YY,8301,6,
48,28,60000,475032,7901,6,
11,38,95000,172051,7902,6,
6,36,82000,1191XX,8302,6,
11,33,30000,1191XX,8303,6,
29,31,30000,414010,11103,6,
7,32,88000,471011,11105,6,
33,76,43000,472211,7902,6,
13,58,150000,1191XX,11106,6,
30,32,105000,113051,11104,6,
14,78,0,1191XX,7902,6,
13,37,34000,471011,11105,6,
12,65,120000,1721YY,11104,6,
25,51,110000,172070,11103,6,
12,62,27000,471011,7901,6,
14,25,20000,471011,7901,6,
18,36,40000,519020,8302,6,
12,53,51000,414010,11105,6,
23,54,0,172051,11106,6,
12,51,0,4990XX,11104,6,
12,66,12600,471011,8303,6,
17,28,50000,1721YY,11103,6,
33,34,71000,1721YY,7902,6,
17,20,4000,471011,7901,6,
38,38,95000,172051,7902,6,
8,62,104000,172141,8303,6,
15,39,45000,1940YY,11106,6,
11,68,0,172070,11106,6,
18,31,100000,414010,11106,6,
17,32,40000,1191XX,7901,6,
14,55,180000,471011,11102,6,
19,74,20000,414010,7902,6,
13,50,0,172051,8301,6,
7,76,10000,4990XX,11104,6,
4,33,40000,414010,7902,6,
17,19,1000,4990XX,8303,6,
20,50,45000,4990XX,11101,6,
11,56,0,172051,7902,6,
13,30,38000,414010,11103,6,
12,41,37000,1191XX,11102,6,
3,64,0,1191XX,7902,6,
42,64,30000,4990XX,7902,6,
20,71,121000,1721YY,11105,6,
10,27,0,113071,11101,6,
10,33,45000,471011,11103,6,
8,50,85000,414010,11102,6,
14,61,72000,414010,11106,6,
31,57,38000,1191XX,8303,6,
8,60,25000,414010,7901,6,
18,40,70000,113071,7901,6,
31,35,50000,4990XX,8303,6,
30,49,110000,1721YY,8301,6,
15,66,0,4990XX,7902,6,
7,59,125000,1191XX,11104,6,
13,57,46000,1721YY,11104,6,
74,59,53000,49904X,7902,6,
36,61,120000,1191XX,7902,6,
15,54,210000,119041,8303,6,
58,61,16600,414010,8303,6,
18,34,20000,1940YY,11106,6,
39,55,47000,1191XX,8303,6,
17,59,62000,1191XX,11104,6,
22,67,0,1191XX,11101,6,
27,51,80000,1191XX,7902,6,
16,70,504000,1191XX,7901,6,
14,43,110000,471011,11102,6,
29,41,72000,172051,8303,6,
15,48,115000,1191XX,11101,6,
16,47,25000,1191XX,11101,6,
16,35,40000,514041,11103,6,
11,28,110000,1940YY,11102,6,
20,26,90000,414010,11106,6,
18,62,0,1940XX,11105,6,
10,52,200000,414010,11103,6,
22,38,120000,172051,7902,6,
7,48,45000,172141,11101,6,
15,56,35000,471011,7902,6,
15,55,100000,172051,11106,6,
19,71,186000,172070,8302,6,
14,53,100000,1191XX,11105,6,
11,59,0,471011,7901,6,
31,53,51000,1191XX,8303,6,
21,57,10000,172051,11104,6,
21,64,127000,1191XX,11106,6,
13,20,4000,471011,7901,6,
15,47,50000,519020,8301,6,
17,50,38000,519020,8301,6,
14,69,10000,1191XX,8303,6,
14,57,91000,1721YY,11101,6,
17,59,105000,1191XX,11101,6,
14,66,0,172141,11106,6,
9,30,15000,519010,8302,6,
27,29,65000,1191XX,7901,6,
22,25,70000,1721YY,8303,6,
23,22,4000,1940YY,8303,6,
21,34,115000,1191XX,11102,6,
10,25,25000,414010,11104,6,
21,70,62000,49904X,8302,6,
7,54,140000,1721YY,11106,6,
9,26,35000,1191XX,8302,6,
22,59,122000,1721YY,11106,6,
19,35,30000,113071,7902,6,
31,54,50000,49904X,11103,6,
28,50,45000,1191XX,8303,6,
13,61,0,1721XX,11106,6,
24,45,120000,1191XX,11102,6,
9,36,0,414010,7902,6,
14,54,155000,1191XX,8303,6,
22,26,66000,172141,7902,6,
19,24,1500,172070,8303,6,
18,65,130000,518010,11103,6,
11,62,17000,414010,8302,6,
12,43,91000,4990XX,7901,6,
14,45,160000,1191XX,11102,6,
14,61,100000,414010,11106,6,
28,28,9000,4990XX,11104,6,
16,44,0,4990XX,8302,6,
7,73,0,172141,11105,6,
26,52,0,1191XX,11106,6,
15,55,28000,1191XX,11102,6,
8,51,8000,1721YY,7901,6,
70,56,122000,1721YY,11102,6,
14,61,75000,1721YY,11101,6,
36,61,0,1191XX,11105,6,
34,61,0,1191XX,11105,6,
41,24,0,1191XX,11105,6,
12,66,0,1191XX,8303,6,
23,42,140000,471011,7902,6,
14,56,75000,414010,11101,6,
25,57,120000,1721YY,8303,6,
20,26,30000,519010,7902,6,
28,26,65000,4750YY,7902,6,
7,62,110000,471011,11102,6,
19,65,0,1191XX,8302,6,
11,31,0,1191XX,8302,6,
12,41,104000,119041,11104,6,
11,39,72000,113071,8303,6,
23,28,90000,414010,11102,6,
9,73,0,172070,11106,6,
41,62,126000,472231,11106,6,
14,62,0,1191XX,11102,6,
13,48,130000,1191XX,11102,6,
23,73,0,1191XX,11102,6,
9,56,6000,1191XX,8302,6,
8,49,60000,4990XX,7902,6,
31,45,65000,1191XX,8303,6,
13,60,120000,1191XX,11106,6,
24,53,100000,1191XX,11102,6,
29,34,90000,519010,8302,6,
7,63,0,471011,11103,6,
14,51,210000,1191XX,11102,6,
13,35,110000,113051,11106,6,
24,21,19000,514041,8301,6,
38,28,27000,1191XX,11101,6,
14,54,120000,414010,11101,6,
16,50,135000,471011,8302,6,
14,40,6200,4990XX,11105,6,
8,31,36400,4990XX,8302,6,
21,59,75000,1191XX,7902,6,
13,42,185000,1191XX,8303,6,
19,30,110000,518010,8302,6,
12,64,0,1191XX,11101,6,
24,48,144000,172141,11103,6,
17,44,110000,119041,11101,6,
13,69,0,4990XX,7901,6,
23,62,200000,172051,7901,6,
8,57,493000,1191XX,11106,6,
5,67,493000,1191XX,11105,6,
16,34,26900,514041,11101,6,
14,28,65000,514041,11101,6,
12,70,0,471011,8301,6,
73,35,50000,471011,11105,6,
66,55,160000,1721YY,11102,6,
14,56,8000,471011,8303,6,
15,62,0,471011,11105,6,
24,76,0,1191XX,7902,6,
12,58,116000,1191XX,11106,6,
12,57,164000,1191XX,11106,6,
6,62,0,4990XX,11105,6,
33,51,95000,1191XX,11105,6,
15,43,0,4990XX,11106,6,
14,24,48000,1191XX,11102,6,
28,42,125000,1721YY,8303,6,
30,35,0,1191XX,8303,6,
21,32,238000,113071,11105,6,
17,65,0,1721YY,11102,6,
13,75,0,1721YY,8303,6,
23,62,26000,414010,7902,6,
25,60,155000,1191XX,7901,6,
24,27,0,49904X,11105,6,
30,43,35000,414010,8303,6,
26,51,100000,1191XX,11105,6,
12,47,50000,1191XX,8302,6,
19,64,35000,414010,11102,6,
25,57,44000,514041,11106,6,
33,51,106000,172070,11106,6,
11,54,80000,414010,11106,6,
19,36,55000,4990XX,8303,6,
14,63,250000,172051,7902,6,
43,58,135000,1191XX,11105,6,
41,57,100000,1191XX,11105,6,
13,64,0,113051,8303,6,
18,38,41700,1191XX,8303,6,
7,58,108000,1721YY,11104,6,
11,33,70000,471011,11101,6,
17,43,136000,414010,7901,6,
32,40,64000,1191XX,8302,6,
28,56,493000,119041,11106,6,
14,55,80000,1191XX,11101,6,
10,49,92000,1721YY,7901,6,
16,63,0,471011,8303,6,
17,20,6000,113071,8301,6,
15,59,30000,414010,8301,6,
29,36,120000,1721YY,11106,6,
24,55,220000,1191XX,8302,6,
7,30,67000,4990XX,11106,6,
19,41,100000,414010,7901,6,
5,61,0,49904X,8302,6,
14,55,150000,1721YY,11106,6,
15,53,92000,1191XX,11106,6,
13,58,170000,172070,8303,6,
14,63,0,471011,7902,6,
9,51,65000,471011,11103,6,
21,67,212000,119041,7901,6,
9,25,60000,1721YY,11106,6,
14,43,110000,172141,11106,6,
22,49,68000,49904X,11101,6,
8,61,0,4990XX,8302,6,
18,37,35000,1191XX,8303,6,
11,41,50000,414010,11104,6,
8,50,493000,1191XX,11106,6,
8,44,185000,1191XX,11101,6,
9,31,30000,1191XX,11101,6,
10,72,0,172141,7901,6,
13,49,50000,475040,11104,6,
34,51,41000,414010,7902,6,
15,58,130000,172051,11102,6,
15,60,200000,1191XX,8303,6,
13,31,90000,518010,7902,6,
6,45,169000,471011,11105,6,
15,65,493000,1191XX,11105,6,
14,58,98000,1191XX,11101,6,
21,49,100000,1191XX,11102,6,
13,49,170000,1721YY,8303,6,
18,18,600,1940YY,8303,6,
28,28,25000,472211,11103,6,
46,53,150000,172141,11101,6,
21,63,180000,471011,11105,6,
17,72,89000,1721YY,11102,6,
13,53,50000,471011,11101,6,
48,54,62000,1191XX,7901,6,
16,55,0,4990XX,7901,6,
15,46,115000,1191XX,11101,6,
31,47,80000,1191XX,7901,6,
17,38,54000,514041,11102,6,
13,59,131000,471011,7901,6,
12,64,0,113051,11103,6,
20,45,80000,1191XX,7902,6,
10,71,0,1191XX,11104,6,
18,70,59000,4990XX,11104,6,
12,62,4200,414010,11105,6,
14,50,150000,414010,11105,6,
16,57,80000,113071,8303,6,
15,53,70000,172141,11101,6,
8,60,0,4740XX,11101,6,
22,58,39500,414010,11101,6,
33,27,68000,1721YY,8302,6,
15,35,0,1191XX,11104,6,
16,59,0,1721YY,8303,6,
13,31,42000,1191XX,11106,6,
4,50,165000,1191XX,11102,6,
14,35,15000,414010,11106,6,
24,63,0,1191XX,7901,6,
12,46,150000,1191XX,11102,6,
53,35,65000,113051,8303,6,
22,54,493000,1191XX,11102,6,
13,64,155000,1191XX,8303,6,
62,63,120000,475040,8301,6,
20,35,85000,1721YY,11104,6,
11,40,108000,1191XX,11101,6,
7,32,48000,1191XX,7902,6,
7,33,55000,519010,7902,6,
23,57,130000,1721YY,11101,6,
24,52,92000,1191XX,11104,6,
8,43,120000,1191XX,11102,6,
12,51,6000,471011,11101,6,
16,25,15000,1191XX,11102,6,
44,54,75000,471011,11105,6,
51,32,40000,1191XX,11103,6,
58,56,90000,1191XX,8301,6,
32,31,102000,1191XX,7901,6,
44,21,21000,1191XX,11103,6,
13,54,50000,414010,8301,6,
7,30,99000,1191XX,11102,6,
119,52,0,1191XX,8303,6,
17,71,104000,1191XX,11102,6,
16,47,95000,471011,11101,6,
7,44,172000,1191XX,11101,6,
18,47,67000,1191XX,8302,6,
11,32,3000,1721YY,11104,6,
21,25,70000,172141,11102,6,
9,25,20000,172141,8302,6,
43,30,37000,1940YY,11106,6,
18,29,50000,414010,8303,6,
27,59,75000,1191XX,11102,6,
29,28,12000,1721YY,7901,6,
13,46,0,471011,7901,6,
1,61,30000,1191XX,11105,6,
1,63,70000,1191XX,11105,6,
13,69,98000,1191XX,11102,6,
9,54,102000,19204X,7901,6,
23,65,150000,119041,11102,6,
13,67,0,414010,11101,6,
5,24,20000,4740XX,11103,6,
18,19,0,519010,7901,6,
10,63,0,414010,7902,6,
2,33,0,514041,7902,6,
13,21,4000,172070,8303,6,
7,23,24600,472231,11103,6,
7,28,60,518090,7902,6,
13,22,26000,4990XX,11106,6,
10,23,2500,4990XX,8303,6,
4,26,0,537070,7902,6,
8,22,26000,4990XX,11103,6,
12,49,140000,1191XX,8301,6,
14,54,65000,172070,11104,6,
51,22,22000,1940YY,7901,6,
31,56,40000,1191XX,7901,6,
17,58,0,1191XX,8303,6,
11,35,38000,1191XX,8301,6,
14,50,90000,49904X,11103,6,
23,68,0,1721YY,7901,6,
11,47,119000,1191XX,11103,6,
5,69,0,113071,11103,6,
32,26,4300,1191XX,11105,6,
18,62,113000,113051,11101,6,
15,48,42000,472211,8303,6,
11,62,0,1191XX,11104,6,
11,24,55000,172051,8301,6,
33,47,50000,514041,11104,6,
12,37,26000,4990XX,11103,6,
10,35,56000,519010,7902,6,
7,33,40000,519010,7902,6,
25,52,77000,471011,7902,6,
20,57,160000,1191XX,11101,6,
12,51,50000,1191XX,11103,6,
19,54,42000,172051,11104,6,
18,31,0,1191XX,8302,6,
20,53,0,1191XX,7902,6,
26,41,70000,1721YY,11101,6,
23,43,90000,1191XX,7901,6,
18,62,213000,471011,11104,6,
21,71,46000,1191XX,8303,6,
31,28,20000,1940YY,11105,6,
13,45,100000,172051,11103,6,
13,51,0,471011,8303,6,
20,25,32000,414010,11103,6,
12,59,57000,414010,7902,6,
27,33,90000,1721YY,8303,6,
11,48,102000,1191XX,11104,6,
8,72,0,1191XX,11102,6,
18,54,0,471011,11106,6,
9,67,0,1191XX,11106,6,
27,47,90000,49904X,11103,6,
10,64,24000,119041,11106,6,
8,54,25000,1191XX,11102,6,
35,24,65000,1191XX,11101,6,
9,58,50000,49904X,11103,6,
13,71,0,1191XX,11102,6,
13,74,200000,1721YY,8303,6,
23,26,60000,172070,8303,6,
20,25,45000,1191XX,8303,6,
8,58,0,1191XX,8302,6,
22,31,65000,1721YY,11103,6,
23,67,25600,1191XX,8303,6,
21,47,105000,19204X,7901,6,
7,62,26000,4990XX,8301,6,
27,49,154000,119041,11105,6,
11,54,0,4990XX,8301,6,
11,49,50000,1191XX,11106,6,
11,55,100000,172141,8303,6,
22,21,13000,172141,8303,6,
43,66,0,414010,11102,6,
22,46,0,4990XX,11103,6,
80,41,0,1191XX,11103,6,
83,44,30000,414010,11103,6,
12,29,3000,414010,11101,6,
13,53,0,1191XX,11103,6,
15,60,83000,1191XX,11104,6,
33,57,200,1191XX,11102,6,
13,31,180000,1191XX,11102,6,
23,54,0,471011,7901,6,
10,26,35000,1191XX,8301,6,
12,76,100000,172051,7901,6,
10,37,63000,414010,11101,6,
9,21,3000,1940YY,8303,6,
29,47,200000,1191XX,7901,6,
12,48,68000,1191XX,11104,6,
23,35,5500,1191XX,11104,6,
13,56,175000,1721YY,8303,6,
40,55,35000,414010,11104,6,
12,57,75000,172051,11101,6,
2,72,1700,1191XX,8302,6,
19,45,135000,1191XX,7902,6,
4,66,0,471011,8302,6,
20,57,565000,1191XX,8303,6,
30,59,45000,414010,11103,6,
13,62,0,1191XX,7902,6,
13,54,0,1191XX,11102,6,
19,56,125000,1191XX,11105,6,
88,59,103000,1191XX,11105,6,
111,38,40000,414010,11105,6,
13,80,25000,119041,11102,6,
9,66,67000,1191XX,11104,6,
12,50,146000,414010,11102,6,
36,73,54000,172070,11106,6,
6,47,100000,172141,11101,6,
27,42,60000,414010,11104,6,
17,62,0,471011,7902,6,
29,74,0,1191XX,8302,6,
29,35,50000,414010,8303,6,
19,51,70000,1721YY,11104,6,
18,54,90000,1721YY,11104,6,
27,56,155000,1191XX,11106,6,
40,51,96000,471011,8301,6,
20,54,90000,1191XX,11104,6,
11,60,105000,1191XX,11102,6,
14,64,40000,1191XX,11102,6,
10,67,0,1191XX,11106,6,
12,67,156000,172070,11101,6,
9,70,0,1191XX,11104,6,
18,25,72000,172051,8303,6,
10,49,99000,1191XX,7901,6,
33,39,0,1191XX,11103,6,
13,61,0,1191XX,11103,6,
8,53,0,471011,11102,6,
15,33,101000,172070,7901,6,
12,38,42000,414010,11104,6,
29,31,30700,1191XX,7901,6,
28,68,96000,1721YY,11101,6,
13,62,180000,172070,11103,6,
28,60,0,1191XX,8303,6,
45,27,30000,1940YY,11105,6,
13,39,70000,471011,11101,6,
20,64,225000,172070,8303,6,
32,41,85000,472231,8303,6,
34,55,85000,1191XX,11106,6,
8,40,310000,1721YY,8303,6,
15,41,98000,1191XX,7901,6,
19,23,20000,519020,11103,6,
10,60,57000,1191XX,8302,6,
10,21,4000,1940YY,8303,6,
62,28,32000,1191XX,7902,6,
10,43,120000,1191XX,11102,6,
42,43,34000,471011,8301,6,
28,30,90000,1721YY,8303,6,
9,36,0,472211,11104,6,
20,61,60000,1191XX,11101,6,
12,60,122000,172051,11104,6,
32,48,70000,172141,11105,6,
15,42,300000,119041,8303,6,
25,49,565000,1191XX,7901,6,
20,31,22000,414010,8303,6,
17,43,100000,113051,11106,6,
8,39,115000,1191XX,8301,6,
20,37,5000,1191XX,8303,6,
17,19,0,414010,8303,6,
24,19,3000,1721YY,8303,6,
8,52,300000,119041,11102,6,
6,48,0,1191XX,11102,6,
21,79,0,1721YY,8303,6,
20,72,0,1191XX,8303,6,
29,39,0,1191XX,11101,6,
16,48,190000,414010,11101,6,
17,44,0,414010,8301,6,
27,52,160000,471011,11104,6,
7,63,50000,414010,11101,6,
24,68,0,414010,7901,6,
8,59,0,1721YY,11103,6,
13,44,1500,172051,11106,6,
25,37,310000,1721YY,8303,6,
35,23,30000,472211,11104,6,
16,42,125000,1191XX,11101,6,
23,58,95000,113071,7901,6,
12,57,205000,1191XX,7901,6,
13,48,80000,1191XX,8303,6,
11,65,120000,475040,8301,6,
36,55,0,1191XX,11104,6,
31,56,0,1191XX,11104,6,
15,64,63000,471011,7902,6,
14,49,61000,1191XX,7901,6,
28,46,120000,1191XX,7902,6,
25,44,0,4990XX,11105,6,
11,42,98000,1191XX,11103,6,
15,31,45000,1940YY,7902,6,
25,25,40000,472231,7902,6,
14,21,3000,1721YY,7901,6,
52,26,6300,4990XX,8302,6,
13,69,57000,1191XX,11105,6,
12,23,40000,514041,11105,6,
7,60,99000,1191XX,8302,6,
11,71,6200,1191XX,11105,6,
28,34,12000,414010,8303,6,
21,55,200000,1191XX,11103,6,
39,47,200000,1191XX,7902,6,
5,33,1000,113051,11103,6,
18,25,45000,471011,11104,6,
17,22,30000,1721YY,11106,6,
13,58,565000,414010,11106,6,
9,55,0,471011,11105,6,
13,65,0,1191XX,8303,6,
25,22,8600,414010,8303,6,
17,50,295000,119041,11106,6,
7,19,6000,1940YY,7901,6,
19,60,0,1191XX,11103,6,
13,57,565000,119041,11106,6,
13,53,30000,1191XX,11104,6,
20,58,70000,414010,8302,6,
17,63,190000,1191XX,11102,6,
23,63,90000,414010,11104,6,
11,55,212000,172051,11106,6,
11,23,80000,414010,11103,6,
20,32,0,1191XX,11101,6,
26,52,35000,1191XX,11102,6,
9,49,10000,1191XX,8302,6,
19,61,120000,1191XX,8303,6,
6,64,0,1721YY,11106,6,
11,31,68000,172141,7901,6,
9,34,60000,172070,11106,6,
14,40,47000,49904X,11102,6,
12,67,0,119041,8303,6,
12,65,48000,414010,8303,6,
11,73,24000,471011,7901,6,
19,55,110000,471011,11102,6,
27,49,75000,1191XX,11105,6,
10,38,120000,1191XX,11102,6,
19,67,63000,514041,7901,6,
13,51,0,471011,11106,6,
13,21,14000,1191XX,11103,6,
32,43,0,472211,11103,6,
13,42,90000,19204X,11105,6,
10,65,51000,172051,7901,6,
25,39,60000,49904X,7901,6,
13,62,0,472211,7902,6,
30,42,0,1191XX,11106,6,
26,53,0,1191XX,8302,6,
24,43,0,1191XX,11102,6,
18,40,190000,119041,11102,6,
43,46,125000,414010,7902,6,
18,57,40000,514041,11106,6,
7,56,83000,1191XX,11102,6,
8,78,17500,414010,7901,6,
26,20,5000,1191XX,8303,6,
18,53,80000,1191XX,11101,6,
18,56,60000,414010,7902,6,
21,59,80000,414010,11102,6,
38,35,90000,1191XX,11101,6,
11,68,100000,1191XX,11105,6,
22,56,120000,1721YY,11106,6,
22,40,55000,1940YY,7901,6,
10,32,32000,414010,8303,6,
14,35,85000,1191XX,8301,6,
13,58,0,1191XX,8303,6,
14,59,0,1191XX,8303,6,
20,54,45000,471011,7902,6,
5,31,8000,49904X,8302,6,
23,35,34200,1191XX,11103,6,
8,31,94000,1191XX,7901,6,
14,42,50000,1191XX,8303,6,
14,44,120000,414010,8303,6,
12,75,0,414010,11102,6,
12,55,50000,414010,11101,6,
11,43,60000,1191XX,11102,6,
17,53,156000,172051,8303,6,
8,54,105000,414010,11101,6,
16,68,0,1191XX,11101,6,
18,24,50000,475020,7902,6,
13,54,13600,1191XX,8301,6,
16,54,60000,514041,11104,6,
30,25,35000,519020,11106,6,
27,62,20000,414010,11105,6,
11,77,0,1191XX,8301,6,
14,49,13000,519020,11103,6,
11,44,13000,519020,11103,6,
16,45,70000,514041,11102,6,
29,60,40000,471011,11105,6,
10,71,455000,1191XX,8303,6,
20,36,120000,119041,8303,6,
49,35,65000,475020,7901,6,
8,41,12800,471011,11103,6,
10,24,62000,1191XX,8302,6,
16,34,59000,1191XX,11104,6,
46,51,63000,519010,7902,6,
23,19,3000,1721YY,11102,6,
25,57,19500,172141,11101,6,
11,61,144000,119041,11102,6,
16,51,455000,1191XX,11102,6,
11,65,0,1191XX,7901,6,
23,50,44400,1191XX,11104,6,
12,65,0,1191XX,8303,6,
20,42,56000,49904X,8302,6,
13,53,20000,1191XX,8303,6,
11,65,0,1191XX,8301,6,
8,50,140000,1191XX,11102,6,
7,54,148000,172070,8303,6,
7,61,55000,414010,7902,6,
11,43,120000,1191XX,11103,6,
16,65,65000,414010,7902,6,
33,42,53000,471011,11101,6,
22,61,137000,1191XX,11102,6,
16,35,77000,1721YY,11106,6,
17,58,98000,1191XX,11101,6,
8,46,78000,414010,8301,6,
7,71,0,1191XX,11106,6,
9,50,180000,1191XX,11104,6,
13,32,30000,514041,7901,6,
20,38,35000,514041,7901,6,
14,59,89000,1721YY,8303,6,
11,49,155000,1721YY,11106,6,
7,53,80000,1721YY,11106,6,
24,61,17000,414010,8303,6,
13,43,90000,1191XX,11103,6,
13,56,205000,172070,8303,6,
8,62,6000,471011,7901,6,
13,47,47400,1191XX,11102,6,
20,47,140000,119041,11106,6,
19,52,455000,1191XX,11102,6,
12,60,200000,1191XX,8301,6,
19,65,72000,172141,8303,6,
44,41,75000,1191XX,8301,6,
14,59,125000,1721YY,11102,6,
16,67,108000,1191XX,11101,6,
12,56,0,1191XX,11106,6,
7,26,24000,414010,11103,6,
35,36,57000,414010,11106,6,
7,60,50000,414010,11106,6,
20,58,60000,471011,7901,6,
11,29,3000,519010,8302,6,
23,43,0,1191XX,11102,6,
14,34,30000,113051,11101,6,
6,41,100000,414010,11105,6,
45,28,40000,1191XX,8303,6,
12,59,70000,471011,11102,6,
23,60,0,1191XX,7902,6,
23,59,0,1191XX,7902,6,
83,26,10000,414010,11101,6,
19,75,0,4990XX,7901,6,
18,34,115000,1191XX,8301,6,
22,75,17500,1191XX,7901,6,
7,61,33300,113051,11104,6,
13,30,70000,1721YY,11101,6,
13,62,0,49904X,11101,6,
76,25,13800,519020,11105,6,
15,67,0,471011,7902,6,
26,44,80000,471011,7902,6,
13,60,0,1191XX,11105,6,
20,55,90000,1191XX,11106,6,
6,29,48000,113071,11106,6,
14,65,0,1191XX,11102,6,
36,60,85000,1191XX,11106,6,
11,61,55000,414010,11106,6,
13,39,250000,172051,8303,6,
20,62,108000,1721YY,11103,6,
14,29,90000,1721YY,11101,6,
7,43,25000,1191XX,8302,6,
12,42,65000,4990XX,11103,6,
12,69,98000,172141,8303,6,
20,59,28000,1191XX,7902,6,
28,40,28000,4750YY,7902,6,
26,42,200000,119041,8303,6,
63,64,95000,1191XX,8302,6,
21,48,0,1191XX,11103,6,
14,57,85000,172051,8301,6,
20,66,0,518090,8303,6,
21,59,25000,414010,11104,6,
12,59,200000,414010,8301,6,
12,59,24000,414010,8301,6,
14,31,1800,4990XX,8301,6,
8,52,80000,1191XX,11106,6,
2,66,0,1191XX,8302,6,
16,25,54000,172051,7901,6,
13,26,80000,519010,7901,6,
28,48,40000,1191XX,11103,6,
14,30,50000,1191XX,11102,6,
8,49,0,1191XX,11102,6,
23,64,55000,475040,8301,6,
21,68,125000,1191XX,8302,6,
12,49,225000,1191XX,11101,6,
4,45,55000,471011,8302,6,
20,48,455000,1191XX,11102,6,
13,61,85000,1191XX,11105,6,
13,59,12000,1191XX,11105,6,
38,53,50000,49904X,8303,6,
12,33,120000,1191XX,11101,6,
14,58,107000,1721YY,8303,6,
9,39,0,1191XX,11105,6,
32,30,165000,471011,11101,6,
52,42,56000,1191XX,11104,6,
25,44,200000,1191XX,11102,6,
13,32,29000,113071,7901,6,
9,56,200000,172141,11102,6,
85,55,56000,414010,11102,6,
43,54,80000,172070,8303,6,
31,30,85000,1721YY,11106,6,
24,29,79000,172051,11106,6,
7,49,46800,1191XX,11103,6,
12,30,79000,172141,8303,6,
18,57,155000,1191XX,7901,6,
71,22,25800,414010,11106,6,
25,21,8000,519010,7901,6,
26,19,4000,1721YY,7901,6,
50,45,30000,4990XX,8303,6,
14,36,180000,1191XX,11102,6,
8,49,48000,1191XX,8302,6,
10,51,66000,471011,7901,6,
41,36,140000,4750XX,11105,6,
24,59,0,414010,8303,6,
21,62,83000,172051,7901,6,
16,46,150000,1191XX,8303,6,
7,59,86000,1191XX,11103,6,
21,46,0,471011,7902,6,
13,56,455000,414010,8303,6,
12,51,27000,514041,11105,6,
12,36,49000,1191XX,8302,6,
11,71,0,518090,8301,6,
7,69,45000,1721YY,8302,6,
8,47,455000,1191XX,11106,6,
22,63,90000,1721XX,7902,6,
6,56,0,1191XX,7902,6,
21,55,86000,172070,11104,6,
17,34,15000,514041,11101,6,
20,59,0,172051,11106,6,
27,55,120000,1191XX,11101,6,
19,57,7000,4990XX,11101,6,
1,56,14500,1191XX,11102,6,
69,25,20000,1721YY,8301,6,
13,31,80000,1191XX,11106,6,
21,37,37000,4740XX,7902,6,
7,42,54000,471011,11106,6,
15,54,84000,113051,8301,6,
13,45,0,1191XX,11105,6,
34,51,90000,414010,8301,6,
14,40,144000,1191XX,8303,6,
16,59,36000,4740XX,7902,6,
20,61,120000,1721YY,11106,6,
13,59,100000,172051,8302,6,
8,57,63000,1191XX,11106,6,
26,63,35000,414010,11101,6,
13,27,25000,1191XX,8303,6,
16,49,30000,472231,11103,6,
17,62,0,4990XX,11104,6,
13,58,70000,1191XX,11101,6,
19,37,86000,172051,11104,6,
17,53,100000,1721YY,11101,6,
73,50,165000,1191XX,7901,6,
23,57,0,1721YY,11103,6,
11,81,0,1721XX,8303,6,
23,37,77000,1721YY,11103,6,
14,45,46600,471011,11104,6,
12,50,35000,1191XX,11101,6,
15,46,80000,1191XX,11105,6,
26,47,47000,414010,8303,6,
18,46,180000,172070,8303,6,
29,19,1700,4990XX,11104,6,
17,64,30000,471011,11103,6,
16,53,125000,1191XX,11102,6,
23,53,140000,1191XX,11106,6,
85,23,18000,414010,8303,6,
10,53,70000,471011,7902,6,
50,50,90000,1191XX,11103,6,
15,28,60000,4990XX,7902,6,
13,38,0,1191XX,11102,6,
11,68,13000,414010,11104,6,
12,66,140000,414010,8301,6,
22,57,483000,1191XX,11102,6,
7,58,100000,1721YY,11104,6,
12,50,145000,1191XX,11101,6,
21,55,130000,172051,11102,6,
45,47,140000,172070,11102,6,
10,89,0,113071,8303,6,
67,27,25000,1191XX,7901,6,
13,37,106000,1191XX,11105,6,
12,56,81000,172141,8302,6,
13,73,0,1191XX,7901,6,
21,33,24000,1191XX,11104,6,
14,66,0,4990XX,11105,6,
31,39,95000,414010,11101,6,
50,56,40000,414010,8303,6,
18,63,39000,113071,11106,6,
19,51,113000,1191XX,7901,6,
10,56,40000,1191XX,7901,6,
16,48,75000,471011,7901,6,
13,41,70000,471011,11103,6,
24,64,115000,1721YY,7901,6,
26,62,0,172051,7901,6,
20,62,100000,172051,7901,6,
26,27,90000,1721YY,8303,6,
11,25,37600,113071,11104,6,
22,38,105000,1721YY,8302,6,
15,55,30000,172141,8303,6,
17,55,55000,1191XX,8303,6,
15,61,130000,471011,8301,6,
6,56,60000,49904X,11106,6,
13,56,30000,1191XX,7901,6,
15,47,105000,1721YY,11102,6,
16,72,0,172051,11106,6,
8,21,2500,172141,7901,6,
26,33,5000,1940YY,11103,6,
25,49,76000,414010,8301,6,
12,56,105000,172070,11104,6,
16,57,0,49904X,8301,6,
44,47,0,471011,11105,6,
12,62,0,1721XX,7901,6,
18,70,0,1191XX,7901,6,
35,72,147000,1191XX,11102,6,
8,28,50000,1191XX,11102,6,
23,52,0,514041,11101,6,
21,33,85000,172051,7901,6,
16,54,50000,414010,8302,6,
11,71,0,1191XX,11106,6,
50,48,101000,1191XX,7901,6,
18,41,150000,113051,11103,6,
12,58,200000,1191XX,11106,6,
17,50,91000,1191XX,7901,6,
21,54,19000,119041,8302,6,
19,68,0,172051,7901,6,
8,32,65000,1191XX,11101,6,
16,31,70000,1191XX,11106,6,
13,43,200000,414010,11102,6,
13,50,1000,1191XX,8303,6,
13,58,80000,414010,11103,6,
14,51,39500,414010,8303,6,
21,19,2000,1940YY,8303,6,
8,56,0,1940YY,11104,6,
15,39,46000,414010,11101,6,
43,51,11000,414010,11101,6,
18,34,87000,1191XX,11104,6,
14,61,87000,471011,7902,6,
21,43,38000,1191XX,8303,6,
27,47,10000,1191XX,11102,6,
27,46,80000,471011,8301,6,
18,34,17000,1191XX,8303,6,
29,36,50000,1191XX,8303,6,
12,49,90000,172141,11104,6,
3,59,76000,471011,8302,6,
16,50,150000,172070,11102,6,
12,46,0,4990XX,11102,6,
9,61,70000,172070,8303,6,
11,74,26000,414010,11106,6,
10,65,163000,414010,11106,6,
10,26,3000,49904X,11104,6,
15,30,45000,414010,11104,6,
21,76,0,113071,11103,6,
13,33,56000,172051,7901,6,
14,35,53000,172070,7901,6,
9,70,72000,1191XX,11104,6,
21,67,130000,414010,7901,6,
12,61,53000,1191XX,7902,6,
18,51,0,1191XX,7902,6,
2,65,55000,1191XX,8302,6,
28,50,100000,1191XX,11102,6,
65,28,125000,414010,11106,6,
14,53,60000,471011,11102,6,
33,75,0,1191XX,11106,6,
29,41,30000,471011,11105,6,
11,64,110000,1191XX,11106,6,
22,60,51000,1191XX,11102,6,
20,60,110000,1721YY,11103,6,
15,48,70000,414010,8302,6,
12,48,110000,1191XX,11102,6,
35,37,69000,172051,7902,6,
8,53,35000,1191XX,11101,6,
21,20,9000,1940YY,7901,6,
20,50,70000,414010,11104,6,
16,38,50000,1191XX,7901,6,
10,60,0,113051,8302,6,
18,45,60000,519010,8303,6,
30,31,11000,49904X,7902,6,
26,69,0,1191XX,11105,6,
21,39,92000,472211,7902,6,
22,56,127000,1191XX,11102,6,
13,38,72000,1191XX,8303,6,
22,43,120000,172141,11104,6,
8,66,0,4990XX,11106,6,
43,40,118000,1191XX,8303,6,
12,54,197000,414010,11102,6,
24,45,1500,1191XX,11104,6,
21,55,100000,1191XX,11102,6,
13,61,100000,471011,11102,6,
11,28,0,471011,11103,6,
24,50,160000,1191XX,11102,6,
15,62,46000,471011,11101,6,
30,60,75000,1191XX,11103,6,
13,66,95000,471011,11102,6,
12,60,150000,414010,11102,6,
6,58,63000,1940YY,8302,6,
12,54,100000,113051,7901,6,
13,58,88000,49904X,11103,6,
13,52,0,1191XX,11102,6,
18,70,0,471011,7901,6,
22,37,100000,471011,7901,6,
21,56,65000,514041,11106,6,
16,45,0,172051,7901,6,
17,64,76000,1191XX,11104,6,
25,56,90000,414010,11102,6,
16,60,0,414010,11106,6,
12,60,221000,1191XX,11102,6,
96,40,60000,1191XX,11105,6,
116,42,60000,471011,11105,6,
14,25,30000,1191XX,8303,6,
17,36,0,414010,11103,6,
10,44,0,1191XX,8302,6,
22,31,60000,1721YY,7902,6,
15,37,81000,172070,11106,6,
62,59,130000,1191XX,11101,6,
13,56,246000,113051,11102,6,
9,28,11000,472211,11105,6,
16,54,30000,172141,7902,6,
31,31,30000,1191XX,7901,6,
27,35,52000,1191XX,8303,6,
6,73,65000,1191XX,11105,6,
16,42,0,172051,7901,6,
12,34,20000,172070,7901,6,
16,56,160000,1191XX,7902,6,
28,26,11700,519010,8303,6,
69,50,84000,514041,11105,6,
11,52,92000,1191XX,8301,6,
12,49,28000,1191XX,11101,6,
16,31,90000,1721YY,11103,6,
30,46,76000,514041,7901,6,
13,56,25200,1191XX,11101,6,
19,66,85000,1191XX,11102,6,
15,71,0,1191XX,11105,6,
15,74,0,1191XX,11105,6,
12,40,140000,119041,11105,6,
22,60,90000,1191XX,11101,6,
14,37,200000,1721YY,11102,6,
18,35,50000,172051,11103,6,
15,54,0,1191XX,7901,6,
17,33,62000,414010,11104,6,
13,62,190000,113051,11105,6,
75,29,100000,172141,8303,6,
26,20,16100,514041,11105,6,
28,26,22000,414010,8301,6,
13,36,20000,4740XX,7902,6,
8,69,0,1191XX,8303,6,
51,47,70000,113071,7901,6,
28,26,40000,172051,7901,6,
16,43,100000,1191XX,11102,6,
23,41,42000,414010,8303,6,
14,61,138000,414010,11102,6,
6,77,0,1191XX,11106,6,
30,59,165000,1721YY,11106,6,
12,53,77000,1721YY,11101,6,
22,61,0,1191XX,11102,6,
14,57,100000,1191XX,11102,6,
23,58,76000,471011,7901,6,
23,63,0,1191XX,8303,6,
16,69,40000,1191XX,7902,6,
23,68,0,1191XX,11104,6,
42,63,30000,1191XX,11106,6,
15,57,150000,172051,7901,6,
13,43,0,471011,8303,6,
13,56,132000,172070,11106,6,
52,30,48000,414010,11101,6,
49,54,170000,471011,7902,6,
13,55,55000,1191XX,11106,6,
7,45,60000,414010,11106,6,
43,23,40000,4990XX,11103,6,
39,52,504000,1191XX,11102,6,
23,59,116000,1191XX,11106,6,
27,57,240000,518010,7901,6,
27,60,0,414010,7901,6,
13,54,95000,471011,11103,6,
11,55,158000,1721YY,11102,6,
22,50,200000,414010,11103,6,
65,54,125000,471011,11101,6,
11,52,32000,1721YY,8301,6,
3,58,21300,1191XX,8302,6,
26,43,10300,1191XX,8303,6,
14,68,0,414010,11101,6,
21,33,44400,172070,8303,6,
22,79,0,1191XX,7901,6,
30,73,0,1191XX,8302,6,
35,51,91000,1191XX,8301,6,
21,39,27000,1191XX,11102,6,
14,74,74000,1191XX,11102,6,
25,53,133000,1191XX,8303,6,
13,61,10000,1191XX,11102,6,
35,52,28000,49904X,11103,6,
60,54,26000,4740XX,11104,6,
19,28,38400,172051,11101,6,
24,49,120000,1721YY,11101,6,
27,25,60000,1191XX,8302,6,
39,34,45000,1191XX,7902,6,
27,54,125000,1191XX,8303,6,
11,51,165000,1191XX,11102,6,
13,57,90000,414010,11102,6,
43,48,25000,1191XX,8303,6,
15,35,200,49904X,11104,6,
15,24,12000,1721YY,8303,6,
14,49,35000,1721YY,11103,6,
38,42,52000,471011,11105,6,
19,27,40000,4740XX,11101,6,
18,68,130000,1191XX,11102,6,
6,31,45000,414010,8303,6,
15,57,0,119041,11101,6,
12,31,24000,471011,8301,6,
8,65,0,1191XX,11102,6,
23,58,119000,1191XX,11104,6,
30,55,50000,113051,8303,6,
31,46,60000,471011,7902,6,
18,48,90000,1191XX,8303,6,
22,48,133000,414010,7901,6,
17,43,10000,519020,11103,6,
28,48,108000,1191XX,11102,6,
22,40,200000,471011,11106,6,
15,43,230000,113071,11106,6,
6,57,94000,1721YY,8302,6,
16,43,150000,119041,11106,6,
21,46,190000,1191XX,8303,6,
18,64,0,1191XX,11102,6,
13,58,40000,49904X,11104,6,
14,58,0,414010,7901,6,
70,35,60000,1191XX,11103,6,
14,47,0,4990XX,11101,6,
16,27,52000,172070,11103,6,
28,51,110000,414010,11106,6,
12,28,80000,1191XX,11101,6,
8,25,0,1191XX,11103,6,
22,62,0,1191XX,7902,6,
23,65,90000,414010,11105,6,
9,56,170000,1191XX,11106,6,
23,64,0,471011,8303,6,
9,57,94000,471011,11105,6,
8,65,120000,414010,11102,6,
11,61,140000,414010,8303,6,
38,60,0,172051,11104,6,
11,59,54000,1191XX,8301,6,
15,66,0,1940XX,7901,6,
8,47,85000,113051,11102,6,
13,54,205000,1191XX,11106,6,
14,47,2000,1191XX,11101,6,
13,62,504000,519010,7902,6,
14,58,35000,1191XX,7902,6,
55,53,168000,119041,11101,6,
16,19,4000,1940YY,7901,6,
10,70,160000,1191XX,11102,6,
19,63,14400,1191XX,7901,6,
9,32,0,472231,7902,6,
23,30,29800,472211,8301,6,
22,57,268000,1191XX,11104,6,
17,46,85000,414010,11101,6,
16,45,45000,1721YY,11106,6,
31,53,67000,1191XX,7901,6,
23,57,130000,1721YY,11106,6,
15,46,150000,1191XX,11101,6,
12,51,90000,1191XX,11106,6,
21,52,90000,537070,7902,6,
41,61,110000,1191XX,11101,6,
7,32,50000,519020,11106,6,
40,60,35000,1191XX,11101,6,
11,52,53000,414010,11105,6,
21,44,72000,4990XX,11102,6,
9,58,90000,1191XX,11101,6,
17,48,150000,1191XX,11102,6,
16,30,85000,1721YY,11103,6,
12,52,75000,471011,11102,6,
17,47,100000,414010,7901,6,
14,53,75000,1191XX,11102,6,
3,43,10300,1191XX,8303,6,
25,21,2500,1940YY,7901,6,
11,73,0,414010,11106,6,
26,52,90000,514041,11105,6,
30,20,30000,49904X,11105,6,
15,42,0,4990XX,8302,6,
13,63,45500,1940YY,7901,6,
13,53,60000,1191XX,11104,6,
19,26,0,1191XX,11102,6,
13,47,0,471011,8303,6,
10,59,0,471011,7902,6,
18,28,15000,4990XX,7901,6,
42,36,60000,1191XX,7901,6,
32,32,42000,414010,7901,6,
18,63,110000,1191XX,7901,6,
12,65,0,414010,11104,6,
30,38,50000,519010,8301,6,
24,35,110000,172070,7901,6,
11,33,40000,1191XX,11102,6,
8,64,81000,471011,11104,6,
85,49,120000,1191XX,11102,6,
13,51,0,414010,11106,6,
22,53,504000,1191XX,11102,6,
22,51,200000,414010,11106,6,
11,28,65000,519010,7902,6,
10,25,40000,519010,7902,6,
13,31,85000,1191XX,8301,6,
35,45,80000,113051,11102,6,
26,66,155000,1191XX,11102,6,
8,69,125000,1191XX,11103,6,
11,41,150000,414010,11101,6,
18,20,4000,471011,7901,6,
8,69,0,1191XX,8303,6,
81,51,150000,1191XX,7902,6,
23,41,75000,113071,11104,6,
14,48,22000,1191XX,11102,6,
28,51,80000,1191XX,8303,6,
21,36,0,1191XX,7901,6,
17,63,14400,1191XX,7901,6,
18,60,0,1191XX,8302,6,
29,56,80000,471011,7902,6,
26,57,0,471011,8303,6,
26,49,60000,113071,8303,6,
20,55,120000,1191XX,7902,6,
15,63,504000,1191XX,11102,6,
39,56,113000,172141,11104,6,
17,17,950,1191XX,11102,6,
8,24,23400,172051,8303,6,
10,32,0,471011,11101,6,
16,64,180000,172070,11106,6,
18,58,7800,1191XX,11103,6,
21,50,204000,1191XX,11105,6,
26,49,278000,1191XX,11105,6,
18,34,60000,471011,7901,6,
25,48,13200,172070,11101,6,
11,58,100000,172070,11102,6,
14,39,135000,119041,8303,6,
16,41,90000,113051,8301,6,
30,56,0,4750XX,11103,6,
20,52,90000,1191XX,11103,6,
6,55,200000,1191XX,11102,6,
25,46,125000,1721YY,11106,6,
15,44,120000,471011,11105,6,
43,46,135000,1191XX,8303,6,
2,85,0,1191XX,8302,6,
11,18,3600,1940YY,7901,6,
14,49,48000,1191XX,11105,6,
13,50,80000,172051,11105,6,
4,59,15000,172070,8302,6,
8,51,0,471011,7901,6,
13,57,67000,1191XX,11101,6,
19,63,30000,4990XX,7902,6,
13,60,95000,113071,8301,6,
5,20,4000,519010,7901,6,
6,21,0,1940YY,8303,6,
19,59,100000,1940XX,8301,6,
14,47,110000,414010,11101,6,
48,33,0,1191XX,8302,6,
20,51,45000,1191XX,11102,6,
18,37,74000,1191XX,8301,6,
17,75,0,414010,11106,6,
25,29,2000,1191XX,11101,6,
10,53,500,4990XX,8303,6,
12,58,50000,1191XX,7901,6,
14,57,16400,1191XX,11101,6,
20,53,38000,414010,11103,6,
37,42,78000,1191XX,11102,6,
36,68,13900,172051,8303,6,
13,43,6000,1191XX,11101,6,
9,47,104000,1721YY,8303,6,
23,51,57000,1191XX,11102,6,
14,72,0,1191XX,11101,6,
10,60,0,1191XX,7902,6,
20,32,55000,519010,7901,6,
20,42,90000,1191XX,8302,6,
14,52,97000,113051,11106,6,
29,55,125000,518010,11103,6,
12,51,24000,4990XX,11104,6,
58,62,80000,414010,7902,6,
19,41,106000,1191XX,11102,6,
17,46,0,1191XX,11102,6,
48,55,26000,4990XX,7901,6,
3,57,62000,1191XX,7902,6,
23,51,65000,1191XX,8303,6,
47,21,4000,1721YY,7901,6,
24,64,30000,1191XX,11106,6,
13,52,60000,172070,11102,6,
14,56,60000,172070,11102,6,
37,48,52000,1191XX,7902,6,
31,22,10000,1191XX,7901,6,
18,31,96000,113071,8302,6,
8,50,40900,113071,8301,6,
21,67,0,1721YY,7902,6,
9,32,50000,1191XX,11106,6,
13,58,72000,414010,7902,6,
23,37,27000,4990XX,7901,6,
10,80,0,113051,8303,6,
10,58,100000,1191XX,7902,6,
18,58,70000,1191XX,8302,6,
21,64,0,471011,7901,6,
11,52,150000,1191XX,11106,6,
13,69,0,414010,7901,6,
10,27,14000,472211,11104,6,
16,40,36700,49904X,11104,6,
17,52,110000,1721YY,8301,6,
22,42,25000,471011,7901,6,
23,53,50000,172070,11105,6,
21,36,45000,514041,7901,6,
28,79,0,113071,7902,6,
16,56,30000,414010,11102,6,
6,70,0,4740XX,11105,6,
14,24,21000,1191XX,11103,6,
22,56,221000,1191XX,11102,6,
26,34,35000,49904X,11104,6,
13,27,128000,414010,11106,6,
3,94,0,172051,8302,6,
27,59,36000,471011,7901,6,
24,60,0,49904X,11105,6,
16,68,100000,172070,11102,6,
15,70,250000,1721YY,11102,6,
16,47,55000,514041,8301,6,
14,50,0,4990XX,11101,6,
13,32,89000,172051,8301,6,
13,69,5000,4750XX,7902,6,
9,50,80000,1191XX,7901,6,
16,19,0,113071,7901,6,
12,68,0,514041,11103,6,
18,29,110000,1191XX,11102,6,
14,56,97000,1721YY,8303,6,
8,66,0,172070,8302,6,
91,27,0,172051,7901,6,
9,28,50000,113051,11106,6,
11,55,493000,1191XX,11102,6,
18,27,25000,514041,11103,6,
18,19,3000,414010,8303,6,
12,57,50000,471011,8303,6,
7,59,0,1191XX,11105,6,
21,49,127000,1721YY,11104,6,
5,73,20000,172051,7902,6,
11,22,262000,4990XX,8302,6,
18,25,91000,172051,11104,6,
11,34,76000,1721YY,8301,6,
12,60,136000,514041,11101,6,
12,28,65000,4750YY,7902,6,
9,55,56000,1191XX,7902,6,
98,35,52000,1191XX,11104,6,
65,64,50000,1191XX,11102,6,
13,53,50000,471011,8303,6,
46,49,48000,1191XX,8301,6,
8,54,0,1191XX,8302,6,
5,58,0,1721YY,8302,6,
24,31,0,1191XX,11102,6,
24,76,0,4990XX,7902,6,
19,74,219000,471011,11106,6,
28,35,0,471011,11106,6,
40,40,100000,49904X,11105,6,
23,53,60000,1191XX,11102,6,
19,40,45000,519010,11103,6,
14,38,100000,1191XX,8303,6,
25,34,55000,1191XX,11103,6,
14,34,33000,514041,11105,6,
11,54,0,1191XX,11101,6,
9,35,70000,172141,11101,6,
12,39,130000,119041,8301,6,
13,67,0,119041,11101,6,
10,68,0,1191XX,11104,6,
21,21,15000,1940YY,8303,6,
17,64,493000,1191XX,11106,6,
13,68,0,172070,11104,6,
14,74,0,1191XX,11102,6,
10,62,120000,1191XX,11104,6,
13,63,85000,1191XX,11101,6,
31,57,160000,1191XX,7901,6,
8,63,123000,1191XX,8302,6,
15,27,22900,414010,11106,6,
12,76,30000,1191XX,7901,6,
37,70,14800,471011,8301,6,
112,28,45000,519010,8302,6,
37,35,130000,1191XX,8303,6,
22,45,126000,113051,11106,6,
15,24,0,1191XX,11104,6,
14,62,0,4990XX,11105,6,
9,54,493000,1721YY,11105,6,
12,68,0,172070,11104,6,
28,37,164000,471011,11102,6,
19,59,83000,1721YY,8301,6,
29,26,12200,1191XX,7901,6,
11,49,100000,19204X,7901,6,
2,72,0,1191XX,11105,6,
2,75,0,1191XX,11105,6,
27,54,10000,1191XX,11102,6,
25,44,130000,1191XX,11102,6,
14,32,28800,514041,8301,6,
19,76,40000,1191XX,11106,6,
19,51,90000,1191XX,7902,6,
11,61,25000,519010,8301,6,
54,24,50000,414010,11106,6,
43,53,100000,1191XX,7901,6,
25,51,80000,471011,11106,6,
18,35,24000,1191XX,11101,6,
13,23,41000,4990XX,11104,6,
12,43,55000,1191XX,11104,6,
18,49,20000,1191XX,11101,6,
26,63,0,414010,11106,6,
12,43,60000,172141,11102,6,
7,23,34000,49904X,8301,6,
23,51,150000,414010,11104,6,
19,65,54000,1191XX,8302,6,
29,53,0,1191XX,11104,6,
13,39,110000,172141,11106,6,
19,20,0,519010,7901,6,
15,70,65000,1191XX,11101,6,
20,40,55000,119041,7902,6,
12,57,200000,1191XX,11102,6,
30,63,31000,1191XX,11103,6,
27,58,0,1191XX,7901,6,
19,32,140000,1191XX,7901,6,
14,60,95000,1191XX,7901,6,
35,39,40000,113071,7901,6,
8,43,90000,471011,11102,6,
12,62,200000,1191XX,8303,6,
21,41,50000,1191XX,7902,6,
12,56,50000,1191XX,8303,6,
23,49,160000,1191XX,11102,6,
14,47,39300,4750XX,11103,6,
53,29,60000,1191XX,11102,6,
7,30,6000,519010,11106,6,
36,35,70000,1721YY,11106,6,
21,61,40000,514041,11105,6,
19,66,0,414010,7901,6,
32,26,55000,4990XX,11101,6,
9,24,66000,172051,11104,6,
18,44,71000,1191XX,7901,6,
43,22,4000,1940YY,11102,6,
37,49,100000,414010,11101,6,
17,61,60000,4990XX,7902,6,
19,54,100000,471011,7901,6,
14,31,36000,1940YY,11105,6,
25,49,0,1191XX,11102,6,
7,64,0,414010,11101,6,
22,48,0,471011,7902,6,
13,19,20800,4740XX,11106,6,
2,44,46500,113071,11105,6,
22,24,20000,4740XX,11103,6,
14,44,31200,414010,11104,6,
3,48,1200,414010,11103,6,
11,19,0,519010,7901,6,
4,43,0,414010,7902,6,
13,18,1100,414010,7901,6,
5,61,0,172070,11102,6,
10,21,3000,4990XX,8303,6,
25,23,1100,172070,8303,6,
16,23,1100,172070,8303,6,
40,52,225000,172051,11102,6,
11,27,70000,1191XX,11101,6,
20,21,1500,1940YY,8303,6,
23,46,103000,1721YY,11102,6,
9,56,35000,471011,11105,6,
21,57,72000,1191XX,11101,6,
12,71,0,1721XX,7901,6,
18,67,0,1191XX,8302,6,
12,71,0,514041,7902,6,
12,56,0,471011,11104,6,
7,59,50000,1191XX,7901,6,
26,30,100000,471011,11102,6,
20,41,64000,172051,11101,6,
16,28,70000,172051,11101,6,
14,59,0,172051,8301,6,
10,63,40000,49904X,11102,6,
14,74,118000,1721YY,11102,6,
21,55,115000,1191XX,11105,6,
13,64,0,1191XX,8303,6,
10,57,160000,119041,11102,6,
11,45,110000,172070,11102,6,
11,39,212000,113051,11102,6,
11,65,0,1191XX,7901,6,
41,45,120000,1940YY,11102,6,
16,53,125000,1191XX,7901,6,
22,25,45000,1191XX,8303,6,
44,43,110000,1191XX,11104,6,
6,34,0,1191XX,11102,6,
10,56,128000,1721YY,11106,6,
29,20,0,414010,11103,6,
17,75,3000,471011,11105,6,
22,52,150000,1191XX,11101,6,
24,34,45000,471011,7902,6,
59,41,54000,471011,11104,6,
12,66,180000,1721YY,7901,6,
27,25,70000,1721YY,11104,6,
51,29,85000,1721YY,11104,6,
30,23,70000,1721YY,11104,6,
15,50,72000,414010,7902,6,
21,51,190000,172051,11102,6,
8,23,18000,4990XX,11106,6,
5,42,48100,1940YY,8302,6,
11,32,66000,471011,7902,6,
14,58,141000,1721YY,11101,6,
15,68,0,1191XX,11106,6,
16,34,90000,1191XX,8303,6,
19,26,26000,472211,8301,6,
11,55,109000,1191XX,8303,6,
25,57,92000,1191XX,7902,6,
15,59,42700,1191XX,11106,6,
34,30,42000,1191XX,11106,6,
25,53,90000,1191XX,8302,6,
14,54,0,414010,11101,6,
12,32,200000,172051,8303,6,
4,51,25000,519010,8302,6,
9,37,100000,1191XX,11102,6,
9,39,275000,1191XX,11102,6,
14,40,14000,1940YY,11101,6,
58,59,15900,172051,11104,6,
14,70,0,1191XX,8303,6,
39,42,4000,514041,11103,6,
10,41,565000,113071,11102,6,
10,50,120000,1721YY,11101,6,
22,67,300000,1191XX,7901,6,
23,56,78000,1191XX,8303,6,
22,47,70000,1191XX,7901,6,
29,76,8000,414010,7902,6,
11,44,67000,1721YY,8303,6,
65,64,0,1191XX,8301,6,
22,27,24400,172070,11102,6,
14,56,0,1940YY,11104,6,
13,51,140000,1721YY,11104,6,
32,65,157000,471011,11102,6,
21,73,0,1191XX,8303,6,
14,53,40000,1191XX,11103,6,
10,31,100000,172141,8303,6,
13,59,141000,1721YY,11101,6,
15,49,4000,414010,11101,6,
16,52,140000,1191XX,11106,6,
8,62,0,1191XX,7901,6,
43,38,8400,1191XX,7901,6,
13,37,88000,414010,11106,6,
26,72,0,1191XX,8302,6,
13,65,150000,172051,11106,6,
6,58,300000,414010,11106,6,
12,57,100000,1721YY,8301,6,
22,59,300000,1191XX,8302,6,
21,43,12000,4990XX,11102,6,
13,20,28000,519020,11105,6,
23,53,73000,4990XX,7901,6,
7,50,565000,1191XX,11102,6,
21,35,0,1191XX,8302,6,
10,42,125000,1191XX,11102,6,
19,28,75000,172141,11101,6,
21,20,35000,1940YY,8303,6,
25,36,65000,4750XX,7901,6,
10,56,0,113071,11105,6,
7,60,200000,172051,11106,6,
6,42,40000,414010,11106,6,
12,50,100000,1191XX,11101,6,
9,42,70000,471011,11101,6,
4,54,95000,113051,8302,6,
3,56,120000,1191XX,8302,6,
16,55,200000,1191XX,11102,6,
8,55,60000,1191XX,7901,6,
3,44,200000,1191XX,11105,6,
30,32,90000,414010,11104,6,
8,53,40000,514041,8301,6,
14,71,0,471011,11101,6,
18,28,40000,1191XX,11104,6,
38,56,0,514041,8303,6,
50,53,28000,1191XX,8303,6,
9,61,250000,19204X,11104,6,
13,50,16000,514041,8303,6,
9,22,2500,172141,7901,6,
11,57,180000,1191XX,8303,6,
15,71,12200,1191XX,7901,6,
19,64,0,1191XX,8301,6,
12,40,61000,1191XX,11106,6,
7,62,0,1191XX,7901,6,
11,55,70000,1191XX,11102,6,
13,65,172000,414010,8303,6,
18,19,4000,1940YY,8303,6,
12,70,100000,471011,8303,6,
9,43,60000,1191XX,11105,6,
25,81,90000,119041,8302,6,
13,53,87000,49904X,11101,6,
9,34,32000,414010,11103,6,
14,66,0,1721YY,11104,6,
12,62,160000,1191XX,8303,6,
6,55,4000,472231,8302,6,
13,29,77000,172141,7901,6,
62,67,85000,172051,11103,6,
21,61,0,1191XX,8303,6,
12,48,80000,172070,11104,6,
11,33,110000,1191XX,11106,6,
22,26,65000,172051,8303,6,
11,51,40000,1191XX,7901,6,
6,39,45700,414010,11105,6,
16,47,60000,1940YY,11105,6,
13,59,200,1191XX,11102,6,
21,56,127000,1191XX,8302,6,
19,61,0,472211,8302,6,
16,53,101000,1191XX,8302,6,
14,54,0,113071,8302,6,
23,27,0,1191XX,11105,6,
14,68,200000,1191XX,11102,6,
9,48,38000,471011,8302,6,
14,20,8600,414010,8302,6,
13,80,30700,1191XX,11105,6,
36,48,20000,49904X,8301,6,
30,70,0,1191XX,11102,6,
21,34,8000,1191XX,8303,6,
9,63,0,414010,7901,6,
11,67,165000,1721YY,8303,6,
11,72,0,1191XX,8303,6,
15,54,130000,172051,7902,6,
8,59,165000,1191XX,11106,6,
54,48,14000,4990XX,7901,6,
23,28,565000,119041,8302,6,
22,51,135000,1191XX,7902,6,
42,61,120000,1191XX,7901,6,
14,34,120000,119041,11101,6,
17,45,12000,1191XX,11102,6,
7,58,95000,471011,11104,6,
18,52,10000,4990XX,11103,6,
8,50,70000,471011,11101,6,
10,40,70000,1191XX,11104,6,
17,67,0,1191XX,11104,6,
11,58,0,471011,11102,6,
23,58,84000,414010,11101,6,
6,35,0,471011,11106,6,
26,53,126000,172070,11103,6,
19,71,25000,414010,11102,6,
15,58,3000,4990XX,8303,6,
21,66,0,49904X,7902,6,
19,29,14500,471011,11104,6,
21,20,18000,514041,7901,6,
28,53,129000,172070,7901,6,
14,34,125000,1191XX,11101,6,
13,69,200000,1191XX,11106,6,
11,41,85000,472231,8301,6,
71,60,103000,472211,11104,6,
20,59,2100,1191XX,7902,6,
56,52,0,1191XX,7902,6,
15,72,75000,172051,11106,6,
29,41,60000,4740XX,8303,6,
9,46,0,1191XX,11106,6,
10,43,565000,1191XX,11106,6,
32,41,70000,1191XX,7902,6,
34,36,70000,1191XX,7902,6,
37,36,30000,1940YY,7902,6,
48,33,50000,1940YY,7902,6,
52,23,40000,1191XX,8303,6,
7,56,68000,1191XX,11103,6,
14,66,118000,1721YY,11102,6,
15,59,0,414010,7901,6,
16,59,160000,514041,7901,6,
15,73,56000,1721YY,8301,6,
13,45,100000,1721YY,11102,6,
18,61,0,1191XX,8303,6,
14,37,0,414010,11106,6,
18,50,100000,119041,11104,6,
14,53,0,4990XX,8303,6,
25,70,0,414010,8303,6,
14,52,50000,1940YY,11106,6,
22,39,67000,4750YY,8302,6,
11,50,85000,172070,8303,6,
47,22,13000,1721YY,7901,6,
32,48,0,1191XX,11105,6,
26,59,35000,514041,11103,6,
9,25,40000,1191XX,7902,6,
11,22,10000,518010,11103,6,
21,26,2000,172141,8303,6,
12,59,59000,514041,11106,6,
21,36,100000,1721YY,11102,6,
31,36,40000,1191XX,11101,6,
54,32,40000,414010,11101,6,
11,61,14500,1191XX,8303,6,
39,58,30000,471011,11105,6,
20,49,120000,414010,11102,6,
19,26,67000,172141,7901,6,
14,54,105000,172051,7901,6,
26,46,99000,1721YY,11104,6,
12,39,29200,414010,8301,6,
8,63,200000,1721YY,11105,6,
4,59,455000,1191XX,8302,6,
13,54,22000,1191XX,11106,6,
16,27,68000,172070,11105,6,
19,66,80000,4990XX,11102,6,
15,63,45000,514041,8302,6,
71,30,52000,1191XX,11104,6,
12,59,120000,1191XX,8303,6,
21,38,95000,1721YY,11103,6,
13,73,17000,1191XX,7901,6,
22,40,200000,1191XX,11102,6,
10,37,2400,1191XX,11103,6,
36,63,115000,19204X,11104,6,
21,64,110000,414010,11103,6,
9,56,0,113051,11102,6,
16,43,120000,1721YY,11106,6,
20,70,0,1191XX,11103,6,
22,59,85000,19204X,7902,6,
21,57,78000,514041,7901,6,
26,58,114000,1191XX,11105,6,
29,40,150000,1191XX,11102,6,
22,46,100000,172051,11102,6,
22,37,120000,1191XX,8303,6,
27,39,83000,113051,11105,6,
26,42,140000,1191XX,11104,6,
23,53,0,414010,11106,6,
13,65,0,518090,11101,6,
16,27,41600,514041,11101,6,
15,51,40000,1191XX,8301,6,
11,63,28000,1191XX,11106,6,
20,61,165000,414010,7902,6,
27,28,90000,1721YY,11104,6,
9,59,0,4990XX,8303,6,
14,22,4000,1721YY,7901,6,
16,59,76000,1191XX,8303,6,
6,60,455000,119041,11106,6,
20,48,65000,414010,11104,6,
70,39,50000,1721YY,11104,6,
24,36,90000,471011,7901,6,
14,29,55000,1191XX,7901,6,
25,54,250000,1191XX,11101,6,
6,58,52000,518090,7902,6,
14,66,127000,1191XX,11101,6,
18,69,0,1191XX,8303,6,
21,66,0,1191XX,8303,6,
15,51,195000,1721YY,11102,6,
16,37,109000,414010,11102,6,
16,49,180000,1191XX,11101,6,
36,58,169000,1191XX,7902,6,
13,37,72000,172051,7901,6,
20,55,0,1721XX,11102,6,
25,54,100000,1191XX,11102,6,
22,53,0,514041,8302,6,
24,44,47800,471011,8302,6,
32,46,50000,1191XX,11103,6,
31,46,48000,518090,11105,6,
22,56,14500,1191XX,11104,6,
18,55,48000,1191XX,7902,6,
42,28,30000,414010,11101,6,
33,37,69000,514041,7902,6,
47,29,22000,113071,8302,6,
13,65,50000,172070,8303,6,
23,48,44000,514041,8301,6,
21,45,36000,4990XX,11104,6,
16,50,48000,414010,8301,6,
9,56,50000,1191XX,11102,6,
13,44,22000,414010,11101,6,
10,34,114000,414010,8303,6,
15,34,96000,1191XX,8303,6,
23,43,130000,414010,11103,6,
17,30,24000,1191XX,11104,6,
7,27,65000,1191XX,11103,6,
14,53,116000,1721YY,11103,6,
16,28,0,49904X,11104,6,
13,61,67000,414010,11104,6,
13,60,100000,1721YY,11103,6,
27,22,20000,414010,11106,6,
15,54,26000,471011,8301,6,
11,55,0,414010,11106,6,
21,29,100000,172070,8302,6,
13,30,64000,172070,11104,6,
7,47,110000,1721YY,11103,6,
8,79,0,471011,11105,6,
10,56,120000,1721YY,11102,6,
13,55,0,1191XX,11104,6,
9,46,455000,1191XX,11102,6,
19,56,120000,1191XX,11102,6,
22,68,25000,1191XX,11106,6,
22,26,8000,1191XX,8303,6,
13,49,80000,471011,11106,6,
26,52,115000,1721YY,11106,6,
22,42,12200,1191XX,11106,6,
7,21,4700,1940YY,7901,6,
18,48,90000,1191XX,8303,6,
77,49,0,1191XX,7902,6,
15,42,0,1191XX,7901,6,
25,61,0,1721YY,8303,6,
12,67,0,1191XX,11101,6,
30,38,24000,1191XX,11105,6,
16,57,43000,1191XX,8303,6,
11,18,2700,519020,7901,6,
13,33,150000,414010,11106,6,
39,27,75000,172051,11102,6,
19,34,30000,1191XX,8303,6,
35,21,0,4990XX,11106,6,
39,50,18000,1191XX,11105,6,
21,33,59000,1191XX,11102,6,
6,34,70000,471011,11106,6,
12,94,56000,414010,8303,6,
13,55,40000,1191XX,11104,6,
7,36,7000,1191XX,8303,6,
12,26,119000,1721XX,8302,6,
12,80,0,1191XX,8303,6,
15,72,0,119041,7901,6,
66,33,65000,1191XX,11102,6,
10,35,0,471011,8302,6,
41,36,62000,414010,8301,6,
20,57,225000,1191XX,11102,6,
25,25,90000,172070,11102,6,
23,49,118000,1721YY,11102,6,
14,61,131000,1191XX,8303,6,
11,48,125000,4990XX,11101,6,
6,60,68000,1191XX,11106,6,
12,55,90000,172051,11106,6,
23,51,105000,113051,11105,6,
14,61,90000,1191XX,11101,6,
21,34,20000,414010,11101,6,
17,50,140000,172051,11103,6,
12,60,182000,1191XX,11105,6,
13,60,72000,172051,11101,6,
20,56,250000,1191XX,11102,6,
24,74,55000,514041,8301,6,
14,65,127000,1191XX,11101,6,
6,56,14500,1191XX,11104,6,
14,59,210000,1721XX,8301,6,
15,52,83000,119041,7902,6,
13,62,130000,1721YY,11102,6,
16,34,23000,514041,11103,6,
12,42,165000,1191XX,8303,6,
12,40,20000,1191XX,8303,6,
12,49,125000,1191XX,11102,6,
13,63,0,1940YY,11105,6,
6,67,121000,471011,8303,6,
23,60,250000,1191XX,8302,6,
17,20,4100,414010,7901,6,
24,65,50000,1191XX,11101,6,
18,30,75000,172141,11106,6,
45,38,0,1191XX,11106,6,
16,39,140000,1191XX,11105,6,
22,56,70000,471011,7902,6,
11,63,0,414010,7901,6,
13,72,0,414010,11102,6,
13,59,125000,1191XX,8301,6,
23,36,10000,472211,7902,6,
21,75,0,1191XX,11101,6,
12,57,67000,414010,11104,6,
21,44,0,1721YY,11102,6,
9,56,175000,518010,7901,6,
9,33,100000,1191XX,8302,6,
6,35,54000,1191XX,8302,6,
44,58,0,1191XX,7902,6,
17,53,40000,119041,7901,6,
9,19,500,1940YY,8303,6,
11,24,12000,172141,11101,6,
20,45,80000,414010,11104,6,
9,33,68000,113051,8302,6,
14,52,80000,519010,11106,6,
19,61,0,1191XX,7902,6,
15,34,4400,414010,11106,6,
10,31,96000,119041,11101,6,
14,29,87000,1191XX,11101,6,
14,66,21000,472211,11105,6,
16,59,110000,119041,7901,6,
52,34,150000,172051,11102,6,
24,65,0,1191XX,11102,6,
28,57,50000,519010,7902,6,
12,37,50000,1191XX,7901,6,
16,50,30000,471011,8301,6,
30,34,35000,1191XX,11103,6,
21,60,102000,172051,11104,6,
3,46,189000,1191XX,11105,6,
9,57,100000,471011,11106,6,
12,19,0,1721YY,7901,6,
22,69,210000,119041,8303,6,
16,48,0,471011,11105,6,
16,54,33000,514041,11103,6,
18,47,54000,414010,8301,6,
10,40,115000,113051,11102,6,
10,40,0,1191XX,11102,6,
13,46,70000,1191XX,8303,6,
50,31,60000,4740XX,7902,6,
7,77,0,1191XX,8301,6,
27,52,110000,1721YY,8303,6,
11,55,150000,1191XX,7901,6,
8,59,150000,1191XX,11102,6,
12,59,96000,414010,11102,6,
11,70,0,1191XX,8301,6,
8,57,0,1191XX,8302,6,
12,51,65000,414010,11101,6,
12,50,65000,414010,11101,6,
29,25,40000,1191XX,8303,6,
33,29,94000,414010,7902,6,
13,62,165000,1721YY,8303,6,
12,54,100000,113051,7901,6,
15,29,30000,4990XX,11104,6,
22,64,0,1191XX,11106,6,
27,61,50000,1191XX,11101,6,
23,54,150000,1191XX,11106,6,
23,35,45000,4750YY,11105,6,
13,48,120000,414010,11101,6,
9,48,12500,414010,7902,6,
28,44,100000,1191XX,11102,6,
11,37,0,1191XX,11103,6,
81,47,80000,471011,11105,6,
16,19,2000,514041,7901,6,
12,61,65000,1191XX,11101,6,
19,32,56000,1191XX,8303,6,
12,55,31000,414010,7901,6,
31,50,56000,514041,11106,6,
26,49,7400,113051,7902,6,
28,49,0,1191XX,8302,6,
24,62,80000,1191XX,7901,6,
14,52,40000,471011,8301,6,
12,48,94000,172051,11101,6,
30,59,60000,1191XX,11104,6,
11,59,190000,172051,11104,6,
25,65,25000,414010,7901,6,
24,43,0,1721YY,11106,6,
14,30,2400,471011,11103,6,
23,20,7000,172051,7901,6,
2,40,79000,471011,8302,6,
14,23,60000,1940YY,8303,6,
12,57,87000,1940YY,11102,6,
30,72,0,1191XX,7902,6,
44,48,70000,471011,11101,6,
28,48,80000,1191XX,8303,6,
21,47,80000,1191XX,8303,6,
8,40,130000,113051,11102,6,
31,26,15000,471011,11106,6,
9,53,130000,471011,11101,6,
22,70,59000,1191XX,7901,6,
8,38,95000,19204X,8302,6,
8,41,0,1191XX,8303,6,
11,60,30000,471011,11103,6,
12,41,48000,1191XX,11101,6,
13,25,38000,519010,7902,6,
14,28,58000,1191XX,7902,6,
6,67,0,1191XX,11106,6,
12,58,250000,1191XX,11101,6,
14,27,60000,1191XX,8303,6,
14,26,103000,1191XX,8303,6,
25,63,48000,49904X,7902,6,
9,63,0,1191XX,11105,6,
41,22,25000,113071,11101,6,
19,87,93000,172051,11104,6,
36,57,29900,414010,11105,6,
12,33,50000,471011,8303,6,
11,59,182000,471011,11106,6,
33,39,80000,1721YY,11102,6,
15,51,110000,172070,8302,6,
13,54,20000,1940XX,11106,6,
26,21,4000,1940YY,8303,6,
4,34,30200,1191XX,11105,6,
26,49,112000,113051,11104,6,
13,33,59000,49904X,11104,6,
22,57,132000,119041,11105,6,
12,58,0,172070,7901,6,
21,54,78000,172051,7902,6,
9,40,85000,471011,11104,6,
19,51,100000,414010,7901,6,
2,60,0,518090,8302,6,
8,44,250000,119041,11102,6,
19,30,4000,1940YY,11104,6,
12,67,170000,1191XX,11101,6,
19,27,30000,414010,11106,6,
12,60,17200,1191XX,11101,6,
11,43,86000,172070,8302,6,
11,40,104000,1191XX,8302,6,
16,63,240000,471011,8303,6,
14,55,0,414010,7901,6,
36,41,15000,1191XX,8302,6,
22,59,61000,1191XX,7902,6,
7,51,75000,113051,8302,6,
22,60,80000,1191XX,11106,6,
11,68,483000,1721YY,11104,6,
11,37,60000,1191XX,8302,6,
25,39,90000,113051,11106,6,
25,34,58000,1721YY,11101,6,
13,46,8000,1191XX,11102,6,
12,59,0,1191XX,11103,6,
15,44,72000,1191XX,8301,6,
23,18,0,414010,8303,6,
49,38,31200,514041,11106,6,
24,61,29000,4740XX,11105,6,
15,48,0,1191XX,7901,6,
3,33,32000,49904X,8302,6,
24,52,88000,1191XX,11104,6,
9,27,60000,414010,11105,6,
10,56,40000,1191XX,11106,6,
14,59,210000,1191XX,8303,6,
16,24,110000,172070,8303,6,
14,39,0,1191XX,11102,6,
29,55,35000,414010,8303,6,
13,58,483000,1191XX,11102,6,
45,40,50000,472211,11105,6,
13,33,80000,1191XX,8303,6,
9,61,80000,414010,11104,6,
1,35,36000,1191XX,7901,6,
12,41,30000,113071,7901,6,
48,28,0,1191XX,11101,6,
10,52,78000,1191XX,8302,6,
7,28,120000,119041,8303,6,
92,52,0,1191XX,7902,6,
8,63,119000,1721YY,11102,6,
20,21,7400,1940XX,8303,6,
19,21,500,471011,8303,6,
12,30,70000,172141,7901,6,
16,64,30000,471011,11102,6,
38,32,96000,1191XX,11104,6,
18,68,0,471011,7902,6,
30,28,110000,1191XX,11104,6,
22,57,150000,414010,11102,6,
13,51,120000,172051,11104,6,
22,57,60000,4990XX,11106,6,
15,63,0,172051,7901,6,
33,56,80000,172070,8302,6,
30,55,14000,414010,8302,6,
10,53,67000,1940YY,11103,6,
13,70,0,1191XX,11102,6,
19,50,60000,1191XX,11103,6,
15,61,0,471011,11102,6,
18,21,0,4990XX,11102,6,
13,50,108000,1191XX,11106,6,
9,39,235000,1191XX,8303,6,
32,27,42000,19204X,7901,6,
10,19,800,1940YY,11106,6,
13,59,130000,1191XX,11101,6,
25,73,0,1721YY,11102,6,
13,35,30000,172051,11106,6,
12,60,52000,1191XX,11102,6,
32,36,77000,471011,8303,6,
23,69,40000,172070,7902,6,
9,61,200000,1191XX,11101,6,
3,48,50000,471011,11105,6,
10,45,175000,414010,11104,6,
15,49,89000,172051,11102,6,
7,77,40000,1191XX,7902,6,
20,63,240000,1191XX,11102,6,
8,27,45000,49904X,11106,6,
15,51,140000,119041,11101,6,
14,64,150000,1721YY,7901,6,
18,25,30000,1191XX,11106,6,
72,43,40000,4990XX,8303,6,
24,58,112000,1940YY,8303,6,
19,58,120000,1721YY,11106,6,
26,57,95000,1191XX,11102,6,
39,60,0,1191XX,11102,6,
11,67,0,1191XX,7901,6,
14,52,0,414010,7901,6,
15,30,83000,172141,11104,6,
30,47,0,414010,8303,6,
26,19,2000,514041,7901,6,
13,19,8100,1940YY,7901,6,
12,67,0,1191XX,8303,6,
15,53,58000,1191XX,7901,6,
8,59,118000,1721YY,11101,6,
65,53,0,1191XX,7902,6,
14,58,250000,172051,8303,6,
8,32,85000,1721YY,11104,6,
8,80,0,49904X,8303,6,
1,24,0,1191XX,11102,6,
51,51,0,472231,11102,6,
24,39,155000,119041,7901,6,
14,80,483000,1191XX,8303,6,
12,52,129000,1721YY,11106,6,
18,19,1100,414010,11106,6,
16,45,0,1191XX,11106,6,
12,76,0,1191XX,11104,6,
13,27,20000,519010,8301,6,
13,52,65000,1191XX,11102,6,
25,37,0,1191XX,11104,6,
22,67,160000,1191XX,11101,6,
32,66,0,1721YY,8303,6,
27,36,0,471011,8302,6,
9,26,57000,1721YY,7901,6,
7,60,52000,113051,8302,6,
13,67,0,1721YY,11102,6,
13,59,0,1191XX,11106,6,
8,48,35000,1721YY,11103,6,
14,53,10000,414010,11101,6,
8,50,76000,1191XX,11106,6,
22,32,30000,1191XX,8303,6,
13,33,105000,172070,8303,6,
21,73,0,19204X,11106,6,
22,22,500,1191XX,7901,6,
11,56,504000,1191XX,11102,6,
24,53,90000,1191XX,11101,6,
39,45,45000,1721YY,11101,6,
17,42,92000,1191XX,11104,6,
7,53,150000,414010,11101,6,
25,61,130000,1721YY,11102,6,
17,52,51000,49904X,11103,6,
14,34,110000,1191XX,11102,6,
20,25,50000,172070,8303,6,
15,51,85000,1191XX,8301,6,
18,57,100000,414010,11101,6,
18,36,60000,19204X,11104,6,
25,60,0,1721XX,11102,6,
33,20,8000,514041,11103,6,
10,60,113000,1191XX,8301,6,
24,54,90000,1721YY,11103,6,
10,52,0,471011,8301,6,
23,68,14000,19204X,11105,6,
15,55,96000,1191XX,11101,6,
1,43,10300,1191XX,8301,6,
16,27,50000,1721YY,11104,6,
37,34,30000,49904X,8303,6,
17,24,25000,4990XX,11106,6,
27,46,140000,1191XX,11102,6,
2,55,19000,1191XX,8302,6,
13,66,40000,4990XX,11102,6,
14,56,80000,1191XX,8303,6,
21,65,133000,414010,11101,6,
24,68,90000,1721YY,7901,6,
18,46,80000,1191XX,8302,6,
9,71,101000,1721YY,11103,6,
17,44,64000,1940YY,11104,6,
40,48,78000,113051,11104,6,
13,73,0,414010,11106,6,
13,43,60000,4990XX,11101,6,
23,52,200000,113051,11103,6,
66,60,0,1191XX,11102,6,
68,56,160000,1191XX,7902,6,
10,81,0,1191XX,8303,6,
6,58,81000,1721YY,11103,6,
9,54,90000,1191XX,8302,6,
25,57,45000,172051,8301,6,
29,65,50000,414010,8301,6,
21,61,2000,1191XX,7901,6,
14,50,130000,414010,11102,6,
8,54,74000,471011,11101,6,
24,66,0,1721XX,8301,6,
19,41,66000,172051,8302,6,
44,47,0,1940YY,11106,6,
9,31,55000,1191XX,8303,6,
31,36,66000,172051,8302,6,
15,44,45000,1191XX,7901,6,
15,49,160000,1191XX,11101,6,
24,48,95000,1191XX,11103,6,
46,30,25000,471011,11104,6,
11,69,0,1721YY,8303,6,
14,53,77000,1721YY,11101,6,
17,18,3600,1940YY,7901,6,
12,64,225000,1191XX,11106,6,
19,49,8000,519020,11106,6,
22,38,65000,172051,11104,6,
13,35,62000,414010,8303,6,
17,22,4000,1940YY,8303,6,
12,55,504000,119041,8303,6,
28,26,60000,1721YY,11102,6,
25,36,88000,1191XX,11102,6,
21,61,50000,414010,11106,6,
13,43,0,471011,8301,6,
20,72,0,1940YY,7902,6,
13,46,73000,1721YY,7902,6,
11,61,15500,514041,11106,6,
9,29,30000,1191XX,8302,6,
16,40,504000,172051,7901,6,
19,57,25000,514041,11106,6,
13,42,0,4990XX,11105,6,
12,57,36000,1191XX,8301,6,
6,30,65000,514041,11105,6,
14,34,54000,471011,11106,6,
8,52,18600,414010,11105,6,
5,53,504000,1191XX,7902,6,
18,18,2000,4990XX,8303,6,
14,30,56000,1191XX,7902,6,
44,54,180000,1191XX,11102,6,
10,52,97000,1721YY,11106,6,
24,43,20000,1191XX,11102,6,
39,35,45000,1191XX,11105,6,
18,45,200000,1191XX,8303,6,
13,66,27000,1191XX,8301,6,
12,50,85000,1191XX,11102,6,
35,68,5000,1191XX,7901,6,
17,29,52000,518090,11101,6,
18,55,80000,1191XX,11103,6,
22,35,40000,414010,7902,6,
27,41,15000,1191XX,11102,6,
19,36,125000,1721YY,11104,6,
15,53,150000,1191XX,11102,6,
13,43,115000,1721YY,8302,6,
15,44,0,472211,11102,6,
32,25,33500,471011,7901,6,
23,56,0,1191XX,11102,6,
24,54,90000,1721YY,8303,6,
13,63,0,1191XX,7902,6,
11,55,55000,172070,11101,6,
7,26,86000,1191XX,11106,6,
15,59,16200,1940XX,11101,6,
25,54,50000,4990XX,11103,6,
13,68,180000,1191XX,11106,6,
46,40,10000,49904X,11105,6,
8,63,135000,414010,11102,6,
98,25,64000,1191XX,7901,6,
11,58,504000,414010,7902,6,
22,41,45000,414010,11102,6,
24,60,504000,414010,11106,6,
13,45,95000,471011,11103,6,
14,57,75000,1191XX,11102,6,
11,52,42000,414010,11101,6,
11,48,200000,1191XX,11101,6,
17,61,35000,1191XX,7901,6,
21,53,130000,172051,11102,6,
20,46,0,1721YY,7901,6,
14,33,77000,113051,8301,6,
13,37,77000,414010,11104,6,
10,42,55000,113051,11101,6,
15,68,48000,414010,7901,6,
20,59,145000,1721YY,8303,6,
21,31,28000,414010,11104,6,
12,32,168000,1721YY,11102,6,
8,52,220000,119041,11102,6,
23,63,0,172051,7901,6,
22,58,120000,1191XX,11104,6,
22,78,0,1191XX,11102,6,
14,54,202000,1191XX,8302,6,
19,54,104000,1191XX,11105,6,
17,41,55000,1191XX,11104,6,
33,50,21800,1191XX,11106,6,
31,64,5800,113051,11102,6,
24,70,60000,414010,11102,6,
12,29,105000,514041,11101,6,
15,68,200000,1191XX,11101,6,
19,57,120000,1191XX,8303,6,
14,62,0,1191XX,11106,6,
13,68,3700,514041,8302,6,
4,55,181000,1191XX,8302,6,
8,56,100000,1721YY,11102,6,
18,48,220000,172070,11102,6,
15,30,13000,1191XX,11105,6,
19,66,0,1191XX,8301,6,
29,88,35000,471011,11105,6,
18,51,42700,414010,8302,6,
12,61,50000,1721YY,11104,6,
12,53,115000,1191XX,11101,6,
18,64,0,414010,7901,6,
12,66,100000,471011,11104,6,
12,50,95000,414010,11101,6,
20,68,0,414010,7901,6,
6,31,49000,113071,11103,6,
31,24,90000,414010,7901,6,
8,58,48000,1191XX,8302,6,
11,72,0,1191XX,8301,6,
13,36,99000,1721YY,11104,6,
21,54,135000,1191XX,11102,6,
12,53,250000,172141,8303,6,
13,48,120000,1191XX,11102,6,
34,29,80000,172141,8303,6,
14,53,40000,414010,11104,6,
9,46,110000,49904X,8302,6,
13,58,67000,1191XX,11104,6,
39,38,64000,1191XX,11104,6,
12,58,170000,119041,11103,6,
13,30,34000,113051,11102,6,
19,57,65000,1721YY,8303,6,
37,31,100000,519010,7901,6,
86,31,45000,414010,11103,6,
20,54,174000,414010,11106,6,
13,52,221000,1191XX,11102,6,
18,36,50000,1721YY,8303,6,
14,26,35000,1191XX,8303,6,
18,39,60000,1191XX,8301,6,
62,39,40000,471011,8301,6,
21,66,132000,1721YY,8302,6,
54,45,54000,1191XX,7902,6,
8,54,45000,4750XX,11106,6,
11,36,104000,1191XX,11101,6,
13,59,110000,514041,11105,6,
14,72,0,1191XX,11102,6,
8,66,42000,514041,11105,6,
12,54,109000,1191XX,8303,6,
13,53,504000,1191XX,8303,6,
21,79,0,1191XX,8303,6,
21,65,0,172141,8302,6,
23,59,78000,4990XX,11104,6,
13,55,90000,4990XX,11101,6,
17,42,75000,1191XX,8303,6,
64,50,0,414010,11102,6,
10,40,95000,1191XX,11101,6,
42,56,102000,1191XX,11102,6,
18,43,64000,1940XX,11103,6,
13,33,48000,414010,8303,6,
11,55,0,1191XX,8303,6,
12,63,0,1191XX,8303,6,
45,53,0,1191XX,11106,6,
11,51,23000,414010,11104,6,
11,56,110000,414010,11104,6,
38,55,50000,172070,8301,6,
7,48,493000,1191XX,11101,6,
51,42,20000,1191XX,11102,6,
18,44,103000,172051,11101,6,
21,67,150000,119041,11102,6,
7,57,493000,1191XX,11106,6,
12,36,130000,119041,8303,6,
24,28,200000,1191XX,8303,6,
18,30,150000,1191XX,8303,6,
21,26,0,1191XX,8303,6,
13,54,78000,1191XX,7901,6,
12,43,62000,1191XX,11101,6,
15,43,493000,1191XX,11106,6,
14,40,493000,1191XX,11106,6,
8,52,48000,49904X,11101,6,
13,54,84000,4990XX,11101,6,
7,40,117000,1191XX,11103,6,
7,40,0,113051,11103,6,
37,63,0,1721YY,11103,6,
14,25,0,471011,7901,6,
39,49,121000,1191XX,11102,6,
19,49,55000,113051,7902,6,
12,68,0,119041,11105,6,
73,46,110000,1191XX,11106,6,
14,70,0,113051,11101,6,
13,63,0,1191XX,7901,6,
21,26,0,414010,7901,6,
52,55,12000,414010,8303,6,
12,61,0,1191XX,8303,6,
10,51,130000,414010,11106,6,
15,24,51000,172141,11105,6,
23,50,225000,1191XX,11102,6,
19,40,65000,4990XX,11104,6,
100,38,70000,1191XX,11103,6,
11,34,98000,1191XX,11101,6,
15,28,90000,1721YY,11102,6,
21,49,119000,414010,11101,6,
24,42,50000,471011,8303,6,
10,51,40000,514041,11106,6,
12,54,50000,471011,8303,6,
24,71,50000,471011,11101,6,
31,48,60000,471011,11101,6,
74,41,30000,4990XX,11103,6,
38,57,80000,472211,8301,6,
11,48,120000,1191XX,11101,6,
19,23,2100,1940YY,11106,6,
20,80,100000,1191XX,8302,6,
21,30,40000,472211,11103,6,
26,24,20000,514041,8301,6,
14,60,35000,1191XX,8301,6,
13,47,52000,1721YY,11102,6,
8,25,70000,172141,7901,6,
38,55,54000,414010,11104,6,
14,33,105000,1191XX,11102,6,
14,53,65000,1191XX,8303,6,
12,29,70000,1191XX,7901,6,
15,56,44000,4990XX,11102,6,
8,57,225000,1191XX,11102,6,
13,38,166000,1191XX,11102,6,
13,68,0,1191XX,11101,6,
20,36,140000,1191XX,7902,6,
11,64,150000,172051,11106,6,
27,34,40000,471011,8302,6,
13,67,104000,1191XX,11105,6,
16,31,89000,471011,11105,6,
11,46,90000,172070,7901,6,
19,62,35000,414010,8302,6,
20,58,0,414010,8302,6,
76,50,50000,514041,11104,6,
63,60,44000,4990XX,11103,6,
24,62,0,471011,7902,6,
7,31,123000,172070,8303,6,
35,66,0,119041,8303,6,
25,62,100000,1191XX,8303,6,
13,36,80000,1191XX,8303,6,
20,65,100000,1191XX,11105,6,
20,48,125000,414010,11102,6,
14,59,0,4990XX,11101,6,
7,64,150000,1191XX,11106,6,
24,65,55000,1721YY,8302,6,
11,67,96000,471011,7901,6,
13,43,130000,1191XX,8303,6,
19,55,70000,471011,7901,6,
19,38,130000,518010,7902,6,
39,25,25000,414010,11106,6,
22,66,0,1191XX,8302,6,
43,23,24100,1191XX,7901,6,
21,55,125000,1191XX,11105,6,
7,36,70000,172070,11101,6,
12,31,25000,519020,7901,6,
13,27,12200,1191XX,8301,6,
11,43,100000,1191XX,11103,6,
17,31,30000,1191XX,11101,6,
13,60,150000,172070,8303,6,
32,48,94000,1721YY,11103,6,
19,19,7000,519020,11105,6,
12,28,19000,1940YY,11105,6,
25,45,493000,414010,11102,6,
15,39,148000,1721YY,8303,6,
14,69,0,519010,7902,6,
35,48,0,1191XX,8301,6,
16,41,210000,119041,8303,6,
9,36,136000,1191XX,11101,6,
30,59,0,1721YY,11106,6,
56,58,85000,1191XX,8302,6,
14,52,68000,1191XX,11106,6,
10,54,99000,1721YY,8302,6,
11,40,56000,1191XX,11103,6,
10,59,97000,1721YY,8302,6,
11,79,10400,1191XX,11104,6,
16,26,62000,1191XX,11106,6,
17,42,55000,4990XX,8303,6,
5,22,30000,4740XX,11106,6,
21,58,190000,119041,11102,6,
13,44,130000,1191XX,11106,6,
8,34,85000,172070,11101,6,
21,23,30000,113071,11103,6,
12,61,230000,1191XX,11102,6,
10,59,0,4990XX,11106,6,
12,48,110000,172141,11102,6,
16,23,20000,19204X,11104,6,
13,43,9000,472231,8301,6,
11,22,0,519010,8301,6,
24,33,32000,471011,11106,6,
52,52,0,4990XX,11101,6,
18,68,39000,471011,8303,6,
27,53,104000,514041,7901,6,
17,54,10000,414010,11101,6,
12,65,0,1721YY,8303,6,
35,38,3500,1191XX,11104,6,
24,40,135000,1721YY,11106,6,
12,42,160000,119041,8303,6,
10,48,75000,113051,8303,6,
19,41,100000,414010,11102,6,
18,34,0,1191XX,7902,6,
20,56,9800,414010,11104,6,
18,59,72000,471011,11104,6,
25,53,0,172070,11102,6,
18,53,103000,1721YY,11106,6,
13,47,130000,414010,11102,6,
3,55,76000,471011,7902,6,
21,49,140000,1191XX,8303,6,
10,30,0,514041,11105,6,
21,29,55000,113071,11105,6,
11,60,72000,471011,11103,6,
22,39,130000,1191XX,7901,6,
21,60,100000,119041,8302,6,
19,39,44000,1191XX,8303,6,
11,26,9000,1721YY,11106,6,
42,55,493000,414010,11106,6,
23,35,40000,414010,11101,6,
8,60,0,1191XX,11102,6,
12,32,50000,4990XX,8302,6,
15,52,160000,471011,7902,6,
4,32,48000,172070,8302,6,
14,45,493000,1191XX,11104,6,
25,29,74000,1191XX,8303,6,
18,37,80000,19204X,7901,6,
20,72,0,4990XX,11104,6,
21,41,11400,1191XX,7901,6,
10,52,100000,519010,7902,6,
9,34,31000,414010,7902,6,
17,58,160000,1721YY,11102,6,
13,32,7000,471011,11101,6,
14,61,125000,1191XX,11106,6,
7,42,60000,172141,11105,6,
81,53,65000,1191XX,8303,6,
12,55,100000,1191XX,11102,6,
11,61,55000,1191XX,7901,6,
14,48,92000,414010,8303,6,
53,65,40000,1191XX,8303,6,
32,65,0,1191XX,8303,6,
18,52,120000,1721YY,7901,6,
6,38,92000,172051,8302,6,
5,32,17000,1721YY,8303,6,
25,27,40000,1191XX,11104,6,
22,24,32000,414010,11104,6,
15,29,38000,414010,8303,6,
3,64,0,113051,8302,6,
25,53,104000,514041,7901,6,
39,74,0,1721YY,11105,6,
13,42,80000,1191XX,8303,6,
29,43,0,537070,11104,6,
12,65,95000,414010,7901,6,
39,37,40000,172141,11106,6,
12,57,493000,1191XX,11102,6,
13,55,97000,1191XX,8301,6,
23,41,118000,119041,11106,6,
27,51,10000,514041,11104,6,
14,44,65000,471011,11106,6,
18,31,75000,414010,11102,6,
13,82,0,1191XX,8301,6,
14,36,52000,414010,11105,6,
4,62,0,471011,8302,6,
7,55,95000,1191XX,11105,6,
30,26,67000,414010,11104,6,
25,51,135000,113051,11101,6,
24,66,120000,172070,11102,6,
5,23,35000,4740XX,11103,6,
5,19,20800,4740XX,11103,6,
2,44,46500,113071,11101,6,
8,38,1500,172141,7902,6,
18,44,31200,414010,11106,6,
4,48,1200,414010,11102,6,
38,26,35000,4740XX,7902,6,
14,18,6500,1191XX,8303,6,
18,18,1100,414010,7901,6,
34,42,80000,471011,7901,6,
22,29,0,472231,7901,6,
8,51,300000,1191XX,8303,6,
14,55,103000,1191XX,11105,6,
12,50,87000,49904X,11105,6,
19,49,61000,1191XX,7901,6,
16,42,71000,1191XX,7901,6,
12,66,0,471011,8301,6,
20,39,14900,1191XX,8302,6,
14,26,0,414010,7901,6,
17,33,28800,1191XX,11101,6,
24,65,5000,475040,11104,6,
42,52,98000,113051,8301,6,
6,60,130000,1721YY,11106,6,
10,50,275000,1191XX,8302,6,
19,30,3200,1191XX,8303,6,
10,26,75000,172051,7901,6,
13,25,75000,172051,7901,6,
17,62,0,1191XX,11103,6,
23,29,47500,1191XX,8303,6,
18,59,120000,1191XX,7902,6,
17,65,0,1191XX,8301,6,
15,75,10000,1191XX,8303,6,
14,63,15000,1191XX,11105,6,
7,58,140000,1191XX,11106,6,
11,63,50000,471011,11102,6,
5,79,0,172051,8302,6,
11,61,90000,1191XX,8302,6,
22,37,60000,49904X,7901,6,
12,72,4600,1721YY,11106,6,
14,43,90000,471011,8301,6,
33,23,15000,1940YY,11101,6,
10,53,0,1191XX,11106,6,
11,24,9600,1940YY,11106,6,
19,56,137000,1721YY,11104,6,
22,77,68000,119041,11106,6,
33,19,12000,1721YY,11106,6,
32,48,1200,414010,11102,6,
16,26,144000,1191XX,11106,6,
17,43,175000,1191XX,11106,6,
15,31,85000,1191XX,11101,6,
12,41,86000,1191XX,11104,6,
8,47,175000,1191XX,8303,6,
12,62,52000,1191XX,8301,6,
11,34,75000,1721YY,11101,6,
12,61,90000,1191XX,8301,6,
22,51,76000,172051,8303,6,
21,33,58000,514041,11103,6,
15,54,80000,1191XX,11106,6,
19,72,0,1191XX,8303,6,
13,58,155000,1191XX,11104,6,
11,42,115000,414010,11101,6,
25,24,46600,172141,8303,6,
20,38,120000,1191XX,11104,6,
5,60,165000,172070,11103,6,
24,29,75000,1721YY,11104,6,
33,26,78000,1721YY,11104,6,
21,54,0,1191XX,11102,6,
12,70,77000,172070,11104,6,
25,47,193000,1191XX,11102,6,
21,39,128000,514041,11102,6,
15,65,0,1721YY,7902,6,
19,55,0,1940YY,7901,6,
11,43,85000,1191XX,8302,6,
18,22,15000,471011,8301,6,
16,54,3500,414010,7902,6,
20,29,70000,1191XX,8303,6,
11,60,150000,1191XX,11106,6,
13,37,100000,414010,11102,6,
12,27,24000,4990XX,11101,6,
17,38,40000,1940YY,7901,6,
9,52,50000,414010,7902,6,
13,27,39000,1191XX,7901,6,
13,34,180000,1191XX,11102,6,
17,43,275000,1191XX,11102,6,
41,27,50000,1191XX,8301,6,
15,40,120000,113051,11106,6,
5,50,87000,1191XX,8302,6,
8,52,81000,1191XX,8302,6,
4,60,150000,1191XX,8302,6,
14,37,110000,414010,7902,6,
39,53,320000,1191XX,11102,6,
11,63,0,1191XX,8302,6,
53,54,72000,414010,8303,6,
33,62,22000,1191XX,8303,6,
14,78,0,414010,7901,6,
20,30,24400,172070,11102,6,
18,72,0,172051,7901,6,
17,38,100000,119041,11101,6,
18,30,98000,414010,7901,6,
28,35,110000,113051,8303,6,
15,52,178000,1191XX,11101,6,
13,53,106000,172141,11103,6,
23,74,156000,1191XX,7901,6,
20,26,45000,1191XX,11106,6,
11,32,57000,414010,11101,6,
11,30,21000,414010,11101,6,
13,53,33000,1191XX,8303,6,
13,34,32000,1191XX,7902,6,
18,52,0,1191XX,8302,6,
44,34,0,1191XX,8302,6,
12,64,77000,172051,11101,6,
22,60,0,1191XX,7901,6,
11,58,120000,1191XX,7901,6,
22,39,45000,1940YY,8302,6,
25,40,70000,172051,8302,6,
8,53,565000,1191XX,11102,6,
17,62,130000,1721YY,11106,6,
27,31,1200,1191XX,11106,6,
21,61,61000,1191XX,11104,6,
21,42,565000,1191XX,11105,6,
33,48,0,1191XX,11106,6,
47,23,8000,1191XX,11103,6,
17,39,200000,1721YY,11102,6,
19,29,50000,172051,8302,6,
14,48,120000,1191XX,11102,6,
7,60,0,1191XX,11106,6,
8,50,62000,514041,11103,6,
13,28,90000,1191XX,11104,6,
12,59,17500,414010,11104,6,
54,48,0,49904X,11105,6,
24,35,100000,113071,7902,6,
25,24,50000,172070,11103,6,
11,47,175000,1191XX,11102,6,
75,50,210000,471011,7902,6,
6,42,96000,1191XX,11106,6,
23,25,1100,4990XX,8303,6,
26,46,90000,1191XX,11104,6,
5,47,139000,113051,11101,6,
34,49,12000,1191XX,7901,6,
13,69,0,1191XX,11106,6,
23,42,125000,1191XX,11106,6,
27,69,0,1191XX,11102,6,
11,51,195000,1191XX,11102,6,
16,63,76000,414010,11102,6,
31,27,48000,1191XX,11101,6,
17,48,0,1721YY,11102,6,
10,63,0,1191XX,8303,6,
61,63,0,1721YY,11104,6,
32,55,0,1191XX,7902,6,
19,50,60000,414010,11106,6,
10,40,125000,1721YY,11106,6,
9,38,135000,1721YY,11106,6,
24,51,120000,1721YY,7901,6,
14,44,150000,1191XX,7902,6,
37,20,1500,1940YY,8303,6,
9,54,80000,1191XX,11106,6,
11,54,80000,1191XX,11101,6,
11,25,69000,172141,11104,6,
10,46,0,414010,11104,6,
10,57,100000,113071,11102,6,
13,40,115000,1191XX,8303,6,
16,39,78000,119041,11101,6,
18,54,0,1191XX,8302,6,
17,68,90000,1191XX,8302,6,
29,38,100000,1721XX,7902,6,
10,57,155000,1721YY,7902,6,
16,58,78000,414010,11104,6,
8,73,0,471011,8303,6,
8,64,0,471011,11105,6,
43,55,0,1191XX,11104,6,
14,36,90000,414010,8303,6,
22,26,120000,172141,8303,6,
35,24,24000,1191XX,8303,6,
13,74,0,1191XX,11105,6,
10,36,115000,1191XX,11102,6,
10,51,60000,1191XX,11102,6,
11,47,68000,172051,11106,6,
28,46,0,1191XX,11102,6,
10,62,0,1721YY,11104,6,
18,37,65000,471011,11103,6,
29,21,15000,414010,7901,6,
24,38,0,1191XX,7901,6,
52,75,0,1191XX,11106,6,
68,50,75000,1721YY,11103,6,
31,40,0,471011,8301,6,
52,28,67000,1191XX,11106,6,
16,53,50000,414010,11106,6,
10,63,90000,471011,11105,6,
11,44,0,1191XX,11104,6,
20,69,0,414010,7901,6,
12,65,160000,119041,8301,6,
12,32,115000,414010,11102,6,
18,57,84000,414010,11103,6,
13,59,35900,471011,8301,6,
17,71,36000,1191XX,11104,6,
28,46,20000,4990XX,11103,6,
18,41,98000,1721YY,11103,6,
13,53,60000,1191XX,11103,6,
20,42,180000,1191XX,11101,6,
18,40,140000,1191XX,11101,6,
22,41,60000,1721YY,11104,6,
13,18,4000,514041,11105,6,
16,39,130000,1191XX,8303,6,
18,49,229000,1191XX,11101,6,
17,62,0,1191XX,8303,6,
22,36,130000,1191XX,8302,6,
20,28,40000,113051,7902,6,
16,60,60000,1191XX,11105,6,
13,57,122000,119041,8303,6,
23,51,0,1191XX,8303,6,
17,34,70000,172141,7902,6,
23,43,565000,1721YY,11104,6,
16,55,75000,19204X,11102,6,
20,23,5000,19204X,11102,6,
8,55,195000,1191XX,7901,6,
6,65,26000,113071,11106,6,
75,41,135000,471011,7901,6,
15,29,300,1191XX,11106,6,
4,67,0,1191XX,8302,6,
12,43,55000,1191XX,11105,6